Timestamp,Cliente,Ambiente,Versión actual,Versión comparada,Sección,Descripción,P95 (ms) de la versión actual,P95 (ms) de la versión comparada,Porcentaje de mejora/empeora
2026-05-26T14:32:19-03:00,CFI,Production,V1.12.4,V1.12.3,Agenda,Primer ingreso al menú Agenda,4293.5,3475.5,-23.54
2026-05-26T14:32:19-03:00,CFI,Production,V1.12.4,V1.12.3,Agenda,"Primer ingreso: Tipo de instrumento Acciones, estado: Cobrado",700.5,656.25,-6.74
2026-05-26T14:32:19-03:00,CFI,Production,V1.12.4,V1.12.3,Agenda,"Primer ingreso: Tipo de instrumento Acciones, estado: Cobrado, fecha: 1 mes hacia atras",1188.4,1132.5,-4.94
2026-05-26T14:32:19-03:00,CFI,Production,V1.12.4,V1.12.3,Agenda,"Primer ingreso: Tipo de instrumento Acciones, estado: Cobrado, fecha: 3 meses hacia atras",1217.2,1170.0,-4.03
2026-05-26T14:32:19-03:00,CFI,Production,V1.12.4,V1.12.3,Agenda,"Primer ingreso: Tipo de instrumento Acciones, estado: Pendiente",655.7,621.5,-5.5
2026-05-26T14:32:19-03:00,CFI,Production,V1.12.4,V1.12.3,Agenda,"Primer ingreso: Tipo de instrumento Acciones, estado: Pendiente, fecha: 1 mes hacia atras",1213.1,1220.25,0.59
2026-05-26T14:32:19-03:00,CFI,Production,V1.12.4,V1.12.3,Agenda,"Primer ingreso: Tipo de instrumento Acciones, estado: Pendiente, fecha: 3 meses hacia atras",1215.7,1260.25,3.54
2026-05-26T14:32:19-03:00,CFI,Production,V1.12.4,V1.12.3,Agenda,"Primer ingreso: Tipo de instrumento Bonos, estado: Cobrado",871.6,826.5,-5.46
2026-05-26T14:32:19-03:00,CFI,Production,V1.12.4,V1.12.3,Agenda,"Primer ingreso: Tipo de instrumento Bonos, estado: Cobrado, fecha: 1 mes hacia atras",1552.3,1416.5,-9.59
2026-05-26T14:32:19-03:00,CFI,Production,V1.12.4,V1.12.3,Agenda,"Primer ingreso: Tipo de instrumento Bonos, estado: Cobrado, fecha: 3 meses hacia atras",1623.3,1554.25,-4.44
2026-05-26T14:32:19-03:00,CFI,Production,V1.12.4,V1.12.3,Agenda,"Primer ingreso: Tipo de instrumento Bonos, estado: Pendiente",190458.8,12431.25,-1432.1
2026-05-26T14:32:19-03:00,CFI,Production,V1.12.4,V1.12.3,Agenda,"Primer ingreso: Tipo de instrumento Bonos, estado: Pendiente, fecha: 1 mes hacia atras",11607.0,11901.75,2.48
2026-05-26T14:32:19-03:00,CFI,Production,V1.12.4,V1.12.3,Agenda,"Primer ingreso: Tipo de instrumento Bonos, estado: Pendiente, fecha: 3 meses hacia atras",29628.6,11834.5,-150.36
2026-05-26T14:32:19-03:00,CFI,Production,V1.12.4,V1.12.3,Agenda,"Primer ingreso: Tipo de instrumento Operaciones a descuento, estado: Cobrado, Concepto: Cancelación anticipada",959.0,823.75,-16.42
2026-05-26T14:32:19-03:00,CFI,Production,V1.12.4,V1.12.3,Agenda,"Primer ingreso: Tipo de instrumento Operaciones a descuento, estado: Cobrado, Concepto: Cancelación anticipada, fecha: 1 mes hacia atras",972.8,1035.0,6.01
2026-05-26T14:32:19-03:00,CFI,Production,V1.12.4,V1.12.3,Agenda,"Primer ingreso: Tipo de instrumento Operaciones a descuento, estado: Cobrado, Concepto: Cancelación anticipada, fecha: 3 meses hacia atras",1070.5,952.25,-12.42
2026-05-26T14:32:19-03:00,CFI,Production,V1.12.4,V1.12.3,Agenda,"Primer ingreso: Tipo de instrumento Operaciones a descuento, estado: Cobrado, Concepto: Vencimiento",753.4,744.0,-1.26
2026-05-26T14:32:19-03:00,CFI,Production,V1.12.4,V1.12.3,Agenda,"Primer ingreso: Tipo de instrumento Operaciones a descuento, estado: Cobrado, Concepto: Vencimiento, fecha: 1 mes hacia atras",967.7,963.25,-0.46
2026-05-26T14:32:19-03:00,CFI,Production,V1.12.4,V1.12.3,Agenda,"Primer ingreso: Tipo de instrumento Operaciones a descuento, estado: Cobrado, Concepto: Vencimiento, fecha: 3 meses hacia atras",960.0,953.25,-0.71
2026-05-26T14:32:19-03:00,CFI,Production,V1.12.4,V1.12.3,Agenda,"Primer ingreso: Tipo de instrumento Operaciones a descuento, estado: Cobrado, Concepto: Venta",744.6,827.75,10.05
2026-05-26T14:32:19-03:00,CFI,Production,V1.12.4,V1.12.3,Agenda,"Primer ingreso: Tipo de instrumento Operaciones a descuento, estado: Cobrado, Concepto: Venta, fecha: 1 mes hacia atras",981.0,960.5,-2.13
2026-05-26T14:32:19-03:00,CFI,Production,V1.12.4,V1.12.3,Agenda,"Primer ingreso: Tipo de instrumento Operaciones a descuento, estado: Cobrado, Concepto: Venta, fecha: 3 meses hacia atras",961.8,996.5,3.48
2026-05-26T14:32:19-03:00,CFI,Production,V1.12.4,V1.12.3,Agenda,"Primer ingreso: Tipo de instrumento Operaciones a descuento, estado: Pendiente",571.4,600.5,4.85
2026-05-26T14:32:19-03:00,CFI,Production,V1.12.4,V1.12.3,Agenda,"Primer ingreso: Tipo de instrumento Operaciones a descuento, estado: Pendiente, fecha: 1 mes hacia atras",1374.9,1194.5,-15.1
2026-05-26T14:32:19-03:00,CFI,Production,V1.12.4,V1.12.3,Agenda,"Primer ingreso: Tipo de instrumento Operaciones a descuento, estado: Pendiente, fecha: 3 meses hacia atras",1263.8,1150.5,-9.85
2026-05-26T14:32:19-03:00,CFI,Production,V1.12.4,V1.12.3,Agenda,"Primer ingreso: Tipo de instrumento Operaciones a plazo, estado: Cobrado, Concepto: Cancelación anticipada",848.4,836.75,-1.39
2026-05-26T14:32:19-03:00,CFI,Production,V1.12.4,V1.12.3,Agenda,"Primer ingreso: Tipo de instrumento Operaciones a plazo, estado: Cobrado, Concepto: Cancelación anticipada, fecha: 1 mes hacia atras",1054.3,1042.5,-1.13
2026-05-26T14:32:19-03:00,CFI,Production,V1.12.4,V1.12.3,Agenda,"Primer ingreso: Tipo de instrumento Operaciones a plazo, estado: Cobrado, Concepto: Cancelación anticipada, fecha: 3 meses hacia atras",1004.4,964.0,-4.19
2026-05-26T14:32:19-03:00,CFI,Production,V1.12.4,V1.12.3,Agenda,"Primer ingreso: Tipo de instrumento Operaciones a plazo, estado: Cobrado, Concepto: Vencimiento",2766.2,2138.75,-29.34
2026-05-26T14:32:19-03:00,CFI,Production,V1.12.4,V1.12.3,Agenda,"Primer ingreso: Tipo de instrumento Operaciones a plazo, estado: Cobrado, Concepto: Vencimiento, fecha: 1 mes hacia atras",1547.4,1481.0,-4.48
2026-05-26T14:32:19-03:00,CFI,Production,V1.12.4,V1.12.3,Agenda,"Primer ingreso: Tipo de instrumento Operaciones a plazo, estado: Cobrado, Concepto: Vencimiento, fecha: 3 meses hacia atras",2645.8,2462.5,-7.44
2026-05-26T14:32:19-03:00,CFI,Production,V1.12.4,V1.12.3,Agenda,"Primer ingreso: Tipo de instrumento Operaciones a plazo, estado: Cobrado, Concepto: Venta",1084.4,853.25,-27.09
2026-05-26T14:32:19-03:00,CFI,Production,V1.12.4,V1.12.3,Agenda,"Primer ingreso: Tipo de instrumento Operaciones a plazo, estado: Cobrado, Concepto: Venta, fecha: 1 mes hacia atras",1003.6,1001.25,-0.23
2026-05-26T14:32:19-03:00,CFI,Production,V1.12.4,V1.12.3,Agenda,"Primer ingreso: Tipo de instrumento Operaciones a plazo, estado: Cobrado, Concepto: Venta, fecha: 3 meses hacia atras",973.8,954.0,-2.08
2026-05-26T14:32:19-03:00,CFI,Production,V1.12.4,V1.12.3,Agenda,"Primer ingreso: Tipo de instrumento Operaciones a plazo, estado: Pendiente",1925.6,1745.5,-10.32
2026-05-26T14:32:19-03:00,CFI,Production,V1.12.4,V1.12.3,Agenda,"Primer ingreso: Tipo de instrumento Operaciones a plazo, estado: Pendiente, fecha: 1 mes hacia atras",3533.7,3259.75,-8.4
2026-05-26T14:32:19-03:00,CFI,Production,V1.12.4,V1.12.3,Agenda,"Primer ingreso: Tipo de instrumento Operaciones a plazo, estado: Pendiente, fecha: 3 meses hacia atras",2487.1,2034.75,-22.23
2026-05-26T14:32:19-03:00,CFI,Production,V1.12.4,V1.12.3,Agenda,Segundo ingreso al menú Agenda,4412.3,3895.0,-13.28
2026-05-26T14:32:19-03:00,CFI,Production,V1.12.4,V1.12.3,Agenda,"Segundo ingreso: Tipo de instrumento Acciones, estado: Cobrado, fecha: 1 mes hacia atras",1180.0,1163.75,-1.4
2026-05-26T14:32:19-03:00,CFI,Production,V1.12.4,V1.12.3,Agenda,"Segundo ingreso: Tipo de instrumento Acciones, estado: Cobrado, fecha: 3 meses hacia atras",1189.5,1216.25,2.2
2026-05-26T14:32:19-03:00,CFI,Production,V1.12.4,V1.12.3,Agenda,"Segundo ingreso: Tipo de instrumento Acciones, estado: Pendiente, fecha: 1 mes hacia atras",1222.0,1176.25,-3.89
2026-05-26T14:32:19-03:00,CFI,Production,V1.12.4,V1.12.3,Agenda,"Segundo ingreso: Tipo de instrumento Acciones, estado: Pendiente, fecha: 3 meses hacia atras",1275.8,1164.5,-9.56
2026-05-26T14:32:19-03:00,CFI,Production,V1.12.4,V1.12.3,Agenda,"Segundo ingreso: Tipo de instrumento Acciones, estado: pendiente",672.8,577.75,-16.45
2026-05-26T14:32:19-03:00,CFI,Production,V1.12.4,V1.12.3,Agenda,"Segundo ingreso: Tipo de instrumento Acciones,estado: Cobrado",684.0,714.5,4.27
2026-05-26T14:32:19-03:00,CFI,Production,V1.12.4,V1.12.3,Agenda,"Segundo ingreso: Tipo de instrumento Bonos, estado: Cobrado",917.4,863.0,-6.3
2026-05-26T14:32:19-03:00,CFI,Production,V1.12.4,V1.12.3,Agenda,"Segundo ingreso: Tipo de instrumento Bonos, estado: Cobrado, fecha: 1 mes hacia atras",1562.7,1449.75,-7.79
2026-05-26T14:32:19-03:00,CFI,Production,V1.12.4,V1.12.3,Agenda,"Segundo ingreso: Tipo de instrumento Bonos, estado: Cobrado, fecha: 3 meses hacia atras",1583.9,1474.0,-7.46
2026-05-26T14:32:19-03:00,CFI,Production,V1.12.4,V1.12.3,Agenda,"Segundo ingreso: Tipo de instrumento Bonos, estado: Pendiente, fecha: 1 mes hacia atras",10824.5,10678.25,-1.37
2026-05-26T14:32:19-03:00,CFI,Production,V1.12.4,V1.12.3,Agenda,"Segundo ingreso: Tipo de instrumento Bonos, estado: Pendiente, fecha: 3 meses hacia atras",11267.1,10647.5,-5.82
2026-05-26T14:32:19-03:00,CFI,Production,V1.12.4,V1.12.3,Agenda,"Segundo ingreso: Tipo de instrumento Bonos, estado: pendiente",5661.0,5651.25,-0.17
2026-05-26T14:32:19-03:00,CFI,Production,V1.12.4,V1.12.3,Agenda,"Segundo ingreso: Tipo de instrumento Operaciones a descuento, estado: Cobrado, Concepto: Cancelación anticipada",857.7,833.25,-2.93
2026-05-26T14:32:19-03:00,CFI,Production,V1.12.4,V1.12.3,Agenda,"Segundo ingreso: Tipo de instrumento Operaciones a descuento, estado: Cobrado, Concepto: Cancelación anticipada, fecha: 1 mes hacia atras",1024.6,1021.0,-0.35
2026-05-26T14:32:19-03:00,CFI,Production,V1.12.4,V1.12.3,Agenda,"Segundo ingreso: Tipo de instrumento Operaciones a descuento, estado: Cobrado, Concepto: Cancelación anticipada, fecha: 3 meses hacia atras",1049.3,939.75,-11.66
2026-05-26T14:32:19-03:00,CFI,Production,V1.12.4,V1.12.3,Agenda,"Segundo ingreso: Tipo de instrumento Operaciones a descuento, estado: Cobrado, Concepto: Vencimiento",745.8,754.0,1.09
2026-05-26T14:32:19-03:00,CFI,Production,V1.12.4,V1.12.3,Agenda,"Segundo ingreso: Tipo de instrumento Operaciones a descuento, estado: Cobrado, Concepto: Vencimiento, fecha: 1 mes hacia atras",990.8,956.5,-3.59
2026-05-26T14:32:19-03:00,CFI,Production,V1.12.4,V1.12.3,Agenda,"Segundo ingreso: Tipo de instrumento Operaciones a descuento, estado: Cobrado, Concepto: Vencimiento, fecha: 3 meses hacia atras",1337.2,952.0,-40.46
2026-05-26T14:32:19-03:00,CFI,Production,V1.12.4,V1.12.3,Agenda,"Segundo ingreso: Tipo de instrumento Operaciones a descuento, estado: Cobrado, Concepto: Venta",742.9,734.25,-1.18
2026-05-26T14:32:19-03:00,CFI,Production,V1.12.4,V1.12.3,Agenda,"Segundo ingreso: Tipo de instrumento Operaciones a descuento, estado: Cobrado, Concepto: Venta, fecha: 1 mes hacia atras",1408.2,958.5,-46.92
2026-05-26T14:32:19-03:00,CFI,Production,V1.12.4,V1.12.3,Agenda,"Segundo ingreso: Tipo de instrumento Operaciones a descuento, estado: Cobrado, Concepto: Venta, fecha: 3 meses hacia atras",1051.0,951.5,-10.46
2026-05-26T14:32:19-03:00,CFI,Production,V1.12.4,V1.12.3,Agenda,"Segundo ingreso: Tipo de instrumento Operaciones a descuento, estado: Pendiente, fecha: 1 mes hacia atras",1216.5,1185.75,-2.59
2026-05-26T14:32:19-03:00,CFI,Production,V1.12.4,V1.12.3,Agenda,"Segundo ingreso: Tipo de instrumento Operaciones a descuento, estado: Pendiente, fecha: 3 meses hacia atras",1197.5,1186.25,-0.95
2026-05-26T14:32:19-03:00,CFI,Production,V1.12.4,V1.12.3,Agenda,"Segundo ingreso: Tipo de instrumento Operaciones a descuento, estado: pendiente",589.9,568.5,-3.76
2026-05-26T14:32:19-03:00,CFI,Production,V1.12.4,V1.12.3,Agenda,"Segundo ingreso: Tipo de instrumento Operaciones a plazo, estado: Cobrado, Concepto: Cancelación anticipada",849.7,864.0,1.66
2026-05-26T14:32:19-03:00,CFI,Production,V1.12.4,V1.12.3,Agenda,"Segundo ingreso: Tipo de instrumento Operaciones a plazo, estado: Cobrado, Concepto: Cancelación anticipada, fecha: 1 mes hacia atras",968.7,959.75,-0.93
2026-05-26T14:32:19-03:00,CFI,Production,V1.12.4,V1.12.3,Agenda,"Segundo ingreso: Tipo de instrumento Operaciones a plazo, estado: Cobrado, Concepto: Cancelación anticipada, fecha: 3 meses hacia atras",966.5,956.5,-1.05
2026-05-26T14:32:19-03:00,CFI,Production,V1.12.4,V1.12.3,Agenda,"Segundo ingreso: Tipo de instrumento Operaciones a plazo, estado: Cobrado, Concepto: Vencimiento",2277.4,2016.0,-12.97
2026-05-26T14:32:19-03:00,CFI,Production,V1.12.4,V1.12.3,Agenda,"Segundo ingreso: Tipo de instrumento Operaciones a plazo, estado: Cobrado, Concepto: Vencimiento, fecha: 1 mes hacia atras",1539.1,1491.0,-3.23
2026-05-26T14:32:19-03:00,CFI,Production,V1.12.4,V1.12.3,Agenda,"Segundo ingreso: Tipo de instrumento Operaciones a plazo, estado: Cobrado, Concepto: Vencimiento, fecha: 3 meses hacia atras",2535.4,2409.5,-5.23
2026-05-26T14:32:19-03:00,CFI,Production,V1.12.4,V1.12.3,Agenda,"Segundo ingreso: Tipo de instrumento Operaciones a plazo, estado: Cobrado, Concepto: Venta",779.0,756.75,-2.94
2026-05-26T14:32:19-03:00,CFI,Production,V1.12.4,V1.12.3,Agenda,"Segundo ingreso: Tipo de instrumento Operaciones a plazo, estado: Cobrado, Concepto: Venta, fecha: 1 mes hacia atras",982.7,1041.5,5.65
2026-05-26T14:32:19-03:00,CFI,Production,V1.12.4,V1.12.3,Agenda,"Segundo ingreso: Tipo de instrumento Operaciones a plazo, estado: Cobrado, Concepto: Venta, fecha: 3 meses hacia atras",957.9,1005.25,4.71
2026-05-26T14:32:19-03:00,CFI,Production,V1.12.4,V1.12.3,Agenda,"Segundo ingreso: Tipo de instrumento Operaciones a plazo, estado: Pendiente, fecha: 1 mes hacia atras",3697.5,3089.0,-19.7
2026-05-26T14:32:19-03:00,CFI,Production,V1.12.4,V1.12.3,Agenda,"Segundo ingreso: Tipo de instrumento Operaciones a plazo, estado: Pendiente, fecha: 3 meses hacia atras",2079.3,1983.0,-4.86
2026-05-26T14:32:19-03:00,CFI,Production,V1.12.4,V1.12.3,Agenda,"Segundo ingreso: Tipo de instrumento Operaciones a plazo, estado: pendiente",1758.2,1496.0,-17.53
2026-05-26T14:32:19-03:00,CFI,Production,V1.12.4,V1.12.3,Home,Ingreso a MPC,5420.6,5241.75,-3.41
2026-05-26T14:32:19-03:00,CFI,Production,V1.12.4,V1.12.3,Home,Primer ingreso al menú Home,20447.5,19557.0,-4.55
2026-05-26T14:32:19-03:00,CFI,Production,V1.12.4,V1.12.3,Home,Primer ingreso al portfolio CFI desde el Home,13456.1,29780.75,54.82
2026-05-26T14:32:19-03:00,CFI,Production,V1.12.4,V1.12.3,Home,Primer ingreso al portfolio FFI desde el Home,12340.1,11370.5,-8.53
2026-05-26T14:32:19-03:00,CFI,Production,V1.12.4,V1.12.3,Home,Primer ingreso al portfolio FPC desde el Home,9815.1,9176.5,-6.96
2026-05-26T14:32:19-03:00,CFI,Production,V1.12.4,V1.12.3,Home,Primer ingreso al portfolio Fondo de Garantia CFI desde el Home,12055.9,11527.0,-4.59
2026-05-26T14:32:19-03:00,CFI,Production,V1.12.4,V1.12.3,Home,Primer ingreso al portfolio Fondo de Obra Social desde el Home,10649.8,9229.25,-15.39
2026-05-26T14:32:19-03:00,CFI,Production,V1.12.4,V1.12.3,Home,Segundo ingreso al menú Home,7244.8,6494.25,-11.56
2026-05-26T14:32:19-03:00,CFI,Production,V1.12.4,V1.12.3,Home,Segundo ingreso al portfolio CFI desde el Home,13027.7,12009.25,-8.48
2026-05-26T14:32:19-03:00,CFI,Production,V1.12.4,V1.12.3,Home,Segundo ingreso al portfolio FFI desde el Home,11373.7,10802.25,-5.29
2026-05-26T14:32:19-03:00,CFI,Production,V1.12.4,V1.12.3,Home,Segundo ingreso al portfolio FPC desde el Home,9985.0,9218.5,-8.31
2026-05-26T14:32:19-03:00,CFI,Production,V1.12.4,V1.12.3,Home,Segundo ingreso al portfolio Fondo de Garantia CFI desde el Home,11832.3,32091.0,63.13
2026-05-26T14:32:19-03:00,CFI,Production,V1.12.4,V1.12.3,Home,Segundo ingreso al portfolio Fondo de Obra Social desde el Home,11034.9,9264.0,-19.12
2026-05-26T14:32:19-03:00,CFI,Production,V1.12.4,V1.12.3,Login,Ingreso al admin de MPC y setup de portfolios,21887.4,18181.25,-20.38
2026-05-26T14:32:19-03:00,CFI,Production,V1.12.4,V1.12.3,Mi dinero,Primer ingreso al menú Mi dinero,239454.9,155140.5,-54.35
2026-05-26T14:32:19-03:00,CFI,Production,V1.12.4,V1.12.3,Mi dinero,Segundo ingreso al menú Mi dinero,232217.6,144722.75,-60.46
2026-05-26T14:32:19-03:00,CFI,Production,V1.12.4,V1.12.3,Mis depositarios,Agrupar por especie todas las cuentas disponibles,1365.5,1195.5,-14.22
2026-05-26T14:32:19-03:00,CFI,Production,V1.12.4,V1.12.3,Mis depositarios,Deseleccionar la cuenta Banco Nación (Banco Nación FPC),1487.2,962.75,-54.47
2026-05-26T14:32:19-03:00,CFI,Production,V1.12.4,V1.12.3,Mis depositarios,Deseleccionar la cuenta ICBC (CFI),2046.5,1528.5,-33.89
2026-05-26T14:32:19-03:00,CFI,Production,V1.12.4,V1.12.3,Mis depositarios,Deseleccionar la cuenta ICBC (FFI),1430.6,1143.0,-25.16
2026-05-26T14:32:19-03:00,CFI,Production,V1.12.4,V1.12.3,Mis depositarios,Deseleccionar la cuenta ICBC (ICBC - FONDO DE GARANTÍA),1450.2,1110.75,-30.56
2026-05-26T14:32:19-03:00,CFI,Production,V1.12.4,V1.12.3,Mis depositarios,Deseleccionar la cuenta Nación Bursátil (NB (Fondo Obra Social)),895.0,781.75,-14.49
2026-05-26T14:32:19-03:00,CFI,Production,V1.12.4,V1.12.3,Mis depositarios,Deseleccionar la cuenta Pellegrini (CFI ),1918.5,1723.0,-11.35
2026-05-26T14:32:19-03:00,CFI,Production,V1.12.4,V1.12.3,Mis depositarios,Deseleccionar todas las cuentas del depositario Banco Nación,1036.7,764.25,-35.65
2026-05-26T14:32:19-03:00,CFI,Production,V1.12.4,V1.12.3,Mis depositarios,Deseleccionar todas las cuentas del depositario ICBC,1264.1,879.5,-43.73
2026-05-26T14:32:19-03:00,CFI,Production,V1.12.4,V1.12.3,Mis depositarios,Deseleccionar todas las cuentas del depositario Nación Bursátil,1309.9,799.5,-63.84
2026-05-26T14:32:19-03:00,CFI,Production,V1.12.4,V1.12.3,Mis depositarios,Deseleccionar todas las cuentas del depositario Pellegrini,1175.4,1156.0,-1.68
2026-05-26T14:32:19-03:00,CFI,Production,V1.12.4,V1.12.3,Mis depositarios,Deseleccionar todas las cuentas disponibles,1099.8,1123.75,2.13
2026-05-26T14:32:19-03:00,CFI,Production,V1.12.4,V1.12.3,Mis depositarios,Primer ingreso al menú Mis depositarios,4457.4,5882.25,24.22
2026-05-26T14:32:19-03:00,CFI,Production,V1.12.4,V1.12.3,Mis depositarios,Seleccionar la cuenta Banco Nación (Banco Nación FPC),2272.7,1645.25,-38.14
2026-05-26T14:32:19-03:00,CFI,Production,V1.12.4,V1.12.3,Mis depositarios,Seleccionar la cuenta ICBC (CFI),1604.6,1647.25,2.59
2026-05-26T14:32:19-03:00,CFI,Production,V1.12.4,V1.12.3,Mis depositarios,Seleccionar la cuenta ICBC (FFI),1690.1,1541.75,-9.62
2026-05-26T14:32:19-03:00,CFI,Production,V1.12.4,V1.12.3,Mis depositarios,Seleccionar la cuenta ICBC (ICBC - FONDO DE GARANTÍA),2456.6,1872.0,-31.23
2026-05-26T14:32:19-03:00,CFI,Production,V1.12.4,V1.12.3,Mis depositarios,Seleccionar la cuenta Nación Bursátil (NB (Fondo Obra Social)),2292.7,1788.75,-28.17
2026-05-26T14:32:19-03:00,CFI,Production,V1.12.4,V1.12.3,Mis depositarios,Seleccionar la cuenta Pellegrini (CFI ),1545.6,1033.0,-49.62
2026-05-26T14:32:19-03:00,CFI,Production,V1.12.4,V1.12.3,Mis depositarios,Seleccionar todas las cuentas del depositario Banco Nación,1425.2,892.75,-59.64
2026-05-26T14:32:19-03:00,CFI,Production,V1.12.4,V1.12.3,Mis depositarios,Seleccionar todas las cuentas del depositario ICBC,1810.8,1591.5,-13.78
2026-05-26T14:32:19-03:00,CFI,Production,V1.12.4,V1.12.3,Mis depositarios,Seleccionar todas las cuentas del depositario Nación Bursátil,1481.4,1232.75,-20.17
2026-05-26T14:32:19-03:00,CFI,Production,V1.12.4,V1.12.3,Mis depositarios,Seleccionar todas las cuentas del depositario Pellegrini,1181.6,937.0,-26.1
2026-05-26T14:32:19-03:00,CFI,Production,V1.12.4,V1.12.3,Mis depositarios,Seleccionar todas las cuentas disponibles,2215.5,1622.25,-36.57
2026-05-26T14:32:19-03:00,CFI,Production,V1.12.4,V1.12.3,Mis operaciones,Primer ingreso al depositario CFI,5435.0,4756.75,-14.26
2026-05-26T14:32:19-03:00,CFI,Production,V1.12.4,V1.12.3,Mis operaciones,Primer ingreso al menú Mis operaciones,5137.5,4806.0,-6.9
2026-05-26T14:32:19-03:00,CFI,Production,V1.12.4,V1.12.3,Mis operaciones,Primer ingreso: Depositario CFI filtro de 1 mes de operaciones,3191.5,2446.25,-30.46
2026-05-26T14:32:19-03:00,CFI,Production,V1.12.4,V1.12.3,Mis operaciones,Primer ingreso: Depositario CFI filtro de 3 meses de operaciones,5059.8,4801.5,-5.38
2026-05-26T14:32:19-03:00,CFI,Production,V1.12.4,V1.12.3,Mis operaciones,Primer ingreso: Filtro de 1 mes de operaciones,5017.7,4438.75,-13.04
2026-05-26T14:32:19-03:00,CFI,Production,V1.12.4,V1.12.3,Mis operaciones,Primer ingreso: Filtro de 3 meses de operaciones,28750.7,14998.5,-91.69
2026-05-26T14:32:19-03:00,CFI,Production,V1.12.4,V1.12.3,Mis operaciones,Segundo ingreso al depositario CFI,5184.1,5159.25,-0.48
2026-05-26T14:32:19-03:00,CFI,Production,V1.12.4,V1.12.3,Mis operaciones,Segundo ingreso al menú Mis operaciones,4600.0,3799.75,-21.06
2026-05-26T14:32:19-03:00,CFI,Production,V1.12.4,V1.12.3,Mis operaciones,Segundo ingreso: Depositario CFI filtro de 1 mes de operaciones,2894.2,2593.25,-11.61
2026-05-26T14:32:19-03:00,CFI,Production,V1.12.4,V1.12.3,Mis operaciones,Segundo ingreso: Depositario CFI filtro de 3 meses de operaciones,5198.7,5170.75,-0.54
2026-05-26T14:32:19-03:00,CFI,Production,V1.12.4,V1.12.3,Mis operaciones,Segundo ingreso: Filtro de 1 mes de operaciones,5194.1,4411.25,-17.75
2026-05-26T14:32:19-03:00,CFI,Production,V1.12.4,V1.12.3,Mis operaciones,Segundo ingreso: Filtro de 3 meses de operaciones,26947.5,15697.75,-71.66
2026-05-26T14:32:19-03:00,CFI,Production,V1.12.4,V1.12.3,Mis portfolios,Primer ingreso al menú Mis portfolios,6610.3,6153.0,-7.43
2026-05-26T14:32:19-03:00,CFI,Production,V1.12.4,V1.12.3,Mis portfolios,Primer ingreso al portfolio CFI desde Mis portfolios,9341.4,8133.0,-14.86
2026-05-26T14:32:19-03:00,CFI,Production,V1.12.4,V1.12.3,Mis portfolios,Primer ingreso al portfolio FFI desde Mis portfolios,7782.7,15138.5,48.59
2026-05-26T14:32:19-03:00,CFI,Production,V1.12.4,V1.12.3,Mis portfolios,Primer ingreso al portfolio FPC desde Mis portfolios,5399.9,5161.5,-4.62
2026-05-26T14:32:19-03:00,CFI,Production,V1.12.4,V1.12.3,Mis portfolios,Primer ingreso al portfolio Fondo de Garantia CFI desde Mis portfolios,7681.6,5459.0,-40.71
2026-05-26T14:32:19-03:00,CFI,Production,V1.12.4,V1.12.3,Mis portfolios,Primer ingreso al portfolio Fondo de Obra Social desde Mis portfolios,5938.7,5539.75,-7.2
2026-05-26T14:32:19-03:00,CFI,Production,V1.12.4,V1.12.3,Mis portfolios,Segundo ingreso al menú Mis portfolios,3858.4,2959.25,-30.38
2026-05-26T14:32:19-03:00,CFI,Production,V1.12.4,V1.12.3,Mis portfolios,Segundo ingreso al portfolio CFI desde Mis portfolios,8203.0,9858.75,16.79
2026-05-26T14:32:19-03:00,CFI,Production,V1.12.4,V1.12.3,Mis portfolios,Segundo ingreso al portfolio FFI desde Mis portfolios,8277.1,6950.5,-19.09
2026-05-26T14:32:19-03:00,CFI,Production,V1.12.4,V1.12.3,Mis portfolios,Segundo ingreso al portfolio FPC desde Mis portfolios,5945.5,4703.5,-26.41
2026-05-26T14:32:19-03:00,CFI,Production,V1.12.4,V1.12.3,Mis portfolios,Segundo ingreso al portfolio Fondo de Garantia CFI desde Mis portfolios,7439.0,5763.0,-29.08
2026-05-26T14:32:19-03:00,CFI,Production,V1.12.4,V1.12.3,Mis portfolios,Segundo ingreso al portfolio Fondo de Obra Social desde Mis portfolios,6870.1,5492.0,-25.09
2026-05-26T14:32:19-03:00,CFI,Production,V1.12.4,V1.12.3,Rendimiento,Cambio de método de rentabilidad a TWR,9532.5,7568.75,-25.95
2026-05-26T14:32:19-03:00,CFI,Production,V1.12.4,V1.12.3,Rendimiento,Portfolio CFI: Primer ingreso a la carta de rendimiento Desde el inicio con método MWR,5578.3,4952.75,-12.63
2026-05-26T14:32:19-03:00,CFI,Production,V1.12.4,V1.12.3,Rendimiento,Portfolio CFI: Primer ingreso a la carta de rendimiento Desde el inicio con método TWR,5373.2,5413.5,0.74
2026-05-26T14:32:19-03:00,CFI,Production,V1.12.4,V1.12.3,Rendimiento,Portfolio CFI: Primer ingreso a la carta de rendimiento Desde principio de año con método MWR,934.6,809.75,-15.42
2026-05-26T14:32:19-03:00,CFI,Production,V1.12.4,V1.12.3,Rendimiento,Portfolio CFI: Primer ingreso a la carta de rendimiento Desde principio de año con método TWR,998.5,957.5,-4.28
2026-05-26T14:32:19-03:00,CFI,Production,V1.12.4,V1.12.3,Rendimiento,Portfolio CFI: Primer ingreso a la carta de rendimiento Desde principio de mes con método MWR,723.2,652.0,-10.92
2026-05-26T14:32:19-03:00,CFI,Production,V1.12.4,V1.12.3,Rendimiento,Portfolio CFI: Primer ingreso a la carta de rendimiento Desde principio de mes con método TWR,514.2,725.0,29.08
2026-05-26T14:32:19-03:00,CFI,Production,V1.12.4,V1.12.3,Rendimiento,Portfolio CFI: Primer ingreso a la carta de rendimiento Última semana con método MWR,564.4,454.5,-24.18
2026-05-26T14:32:19-03:00,CFI,Production,V1.12.4,V1.12.3,Rendimiento,Portfolio CFI: Primer ingreso a la carta de rendimiento Última semana con método TWR,729.7,493.5,-47.86
2026-05-26T14:32:19-03:00,CFI,Production,V1.12.4,V1.12.3,Rendimiento,Portfolio CFI: Primer ingreso a la carta de rendimiento Último año con método MWR,1994.9,1869.0,-6.74
2026-05-26T14:32:19-03:00,CFI,Production,V1.12.4,V1.12.3,Rendimiento,Portfolio CFI: Primer ingreso a la carta de rendimiento Último año con método TWR,2153.2,2114.5,-1.83
2026-05-26T14:32:19-03:00,CFI,Production,V1.12.4,V1.12.3,Rendimiento,Portfolio CFI: Primer ingreso a la carta de rendimiento Último mes con método MWR,1038.8,525.5,-97.68
2026-05-26T14:32:19-03:00,CFI,Production,V1.12.4,V1.12.3,Rendimiento,Portfolio CFI: Primer ingreso a la carta de rendimiento Último mes con método TWR,820.6,646.75,-26.88
2026-05-26T14:32:19-03:00,CFI,Production,V1.12.4,V1.12.3,Rendimiento,Portfolio CFI: Primer ingreso a la carta de rendimiento Últimos 3 meses con método MWR,795.5,785.25,-1.31
2026-05-26T14:32:19-03:00,CFI,Production,V1.12.4,V1.12.3,Rendimiento,Portfolio CFI: Primer ingreso a la carta de rendimiento Últimos 3 meses con método TWR,803.4,684.0,-17.46
2026-05-26T14:32:19-03:00,CFI,Production,V1.12.4,V1.12.3,Rendimiento,Portfolio CFI: Segundo ingreso a la carta de rendimiento Desde el inicio con método MWR,6868.7,5189.5,-32.36
2026-05-26T14:32:19-03:00,CFI,Production,V1.12.4,V1.12.3,Rendimiento,Portfolio CFI: Segundo ingreso a la carta de rendimiento Desde el inicio con método TWR,5694.9,4767.25,-19.46
2026-05-26T14:32:19-03:00,CFI,Production,V1.12.4,V1.12.3,Rendimiento,Portfolio CFI: Segundo ingreso a la carta de rendimiento Desde principio de año con método MWR,1071.2,1140.75,6.1
2026-05-26T14:32:19-03:00,CFI,Production,V1.12.4,V1.12.3,Rendimiento,Portfolio CFI: Segundo ingreso a la carta de rendimiento Desde principio de año con método TWR,1039.9,877.75,-18.47
2026-05-26T14:32:19-03:00,CFI,Production,V1.12.4,V1.12.3,Rendimiento,Portfolio CFI: Segundo ingreso a la carta de rendimiento Desde principio de mes con método MWR,593.0,798.75,25.76
2026-05-26T14:32:19-03:00,CFI,Production,V1.12.4,V1.12.3,Rendimiento,Portfolio CFI: Segundo ingreso a la carta de rendimiento Desde principio de mes con método TWR,618.4,580.25,-6.57
2026-05-26T14:32:19-03:00,CFI,Production,V1.12.4,V1.12.3,Rendimiento,Portfolio CFI: Segundo ingreso a la carta de rendimiento Última semana con método MWR,529.2,562.25,5.88
2026-05-26T14:32:19-03:00,CFI,Production,V1.12.4,V1.12.3,Rendimiento,Portfolio CFI: Segundo ingreso a la carta de rendimiento Última semana con método TWR,582.9,491.75,-18.54
2026-05-26T14:32:19-03:00,CFI,Production,V1.12.4,V1.12.3,Rendimiento,Portfolio CFI: Segundo ingreso a la carta de rendimiento Último año con método MWR,2915.8,2038.25,-43.05
2026-05-26T14:32:19-03:00,CFI,Production,V1.12.4,V1.12.3,Rendimiento,Portfolio CFI: Segundo ingreso a la carta de rendimiento Último año con método TWR,1978.4,1922.75,-2.89
2026-05-26T14:32:19-03:00,CFI,Production,V1.12.4,V1.12.3,Rendimiento,Portfolio CFI: Segundo ingreso a la carta de rendimiento Último mes con método MWR,627.5,616.5,-1.78
2026-05-26T14:32:19-03:00,CFI,Production,V1.12.4,V1.12.3,Rendimiento,Portfolio CFI: Segundo ingreso a la carta de rendimiento Último mes con método TWR,639.2,547.25,-16.8
2026-05-26T14:32:19-03:00,CFI,Production,V1.12.4,V1.12.3,Rendimiento,Portfolio CFI: Segundo ingreso a la carta de rendimiento Últimos 3 meses con método MWR,781.3,888.75,12.09
2026-05-26T14:32:19-03:00,CFI,Production,V1.12.4,V1.12.3,Rendimiento,Portfolio CFI: Segundo ingreso a la carta de rendimiento Últimos 3 meses con método TWR,830.4,911.5,8.9
2026-05-26T14:32:19-03:00,CFI,Production,V1.12.4,V1.12.3,Rendimiento,Portfolio FFI: Primer ingreso a la carta de rendimiento Desde el inicio con método MWR,5382.5,4680.25,-15.0
2026-05-26T14:32:19-03:00,CFI,Production,V1.12.4,V1.12.3,Rendimiento,Portfolio FFI: Primer ingreso a la carta de rendimiento Desde el inicio con método TWR,5580.6,4782.25,-16.69
2026-05-26T14:32:19-03:00,CFI,Production,V1.12.4,V1.12.3,Rendimiento,Portfolio FFI: Primer ingreso a la carta de rendimiento Desde principio de año con método MWR,1240.5,927.75,-33.71
2026-05-26T14:32:19-03:00,CFI,Production,V1.12.4,V1.12.3,Rendimiento,Portfolio FFI: Primer ingreso a la carta de rendimiento Desde principio de año con método TWR,922.3,934.0,1.25
2026-05-26T14:32:19-03:00,CFI,Production,V1.12.4,V1.12.3,Rendimiento,Portfolio FFI: Primer ingreso a la carta de rendimiento Desde principio de mes con método MWR,508.9,552.0,7.81
2026-05-26T14:32:19-03:00,CFI,Production,V1.12.4,V1.12.3,Rendimiento,Portfolio FFI: Primer ingreso a la carta de rendimiento Desde principio de mes con método TWR,843.7,563.25,-49.79
2026-05-26T14:32:19-03:00,CFI,Production,V1.12.4,V1.12.3,Rendimiento,Portfolio FFI: Primer ingreso a la carta de rendimiento Última semana con método MWR,477.1,460.25,-3.66
2026-05-26T14:32:19-03:00,CFI,Production,V1.12.4,V1.12.3,Rendimiento,Portfolio FFI: Primer ingreso a la carta de rendimiento Última semana con método TWR,492.2,731.25,32.69
2026-05-26T14:32:19-03:00,CFI,Production,V1.12.4,V1.12.3,Rendimiento,Portfolio FFI: Primer ingreso a la carta de rendimiento Último año con método MWR,1999.1,1988.0,-0.56
2026-05-26T14:32:19-03:00,CFI,Production,V1.12.4,V1.12.3,Rendimiento,Portfolio FFI: Primer ingreso a la carta de rendimiento Último año con método TWR,2449.6,1849.5,-32.45
2026-05-26T14:32:19-03:00,CFI,Production,V1.12.4,V1.12.3,Rendimiento,Portfolio FFI: Primer ingreso a la carta de rendimiento Último mes con método MWR,656.4,585.25,-12.16
2026-05-26T14:32:19-03:00,CFI,Production,V1.12.4,V1.12.3,Rendimiento,Portfolio FFI: Primer ingreso a la carta de rendimiento Último mes con método TWR,580.2,561.25,-3.38
2026-05-26T14:32:19-03:00,CFI,Production,V1.12.4,V1.12.3,Rendimiento,Portfolio FFI: Primer ingreso a la carta de rendimiento Últimos 3 meses con método MWR,823.1,781.0,-5.39
2026-05-26T14:32:19-03:00,CFI,Production,V1.12.4,V1.12.3,Rendimiento,Portfolio FFI: Primer ingreso a la carta de rendimiento Últimos 3 meses con método TWR,778.2,759.75,-2.43
2026-05-26T14:32:19-03:00,CFI,Production,V1.12.4,V1.12.3,Rendimiento,Portfolio FFI: Segundo ingreso a la carta de rendimiento Desde el inicio con método MWR,5321.7,4539.25,-17.24
2026-05-26T14:32:19-03:00,CFI,Production,V1.12.4,V1.12.3,Rendimiento,Portfolio FFI: Segundo ingreso a la carta de rendimiento Desde el inicio con método TWR,5294.7,4713.5,-12.33
2026-05-26T14:32:19-03:00,CFI,Production,V1.12.4,V1.12.3,Rendimiento,Portfolio FFI: Segundo ingreso a la carta de rendimiento Desde principio de año con método MWR,1038.9,950.75,-9.27
2026-05-26T14:32:19-03:00,CFI,Production,V1.12.4,V1.12.3,Rendimiento,Portfolio FFI: Segundo ingreso a la carta de rendimiento Desde principio de año con método TWR,1219.6,963.0,-26.65
2026-05-26T14:32:19-03:00,CFI,Production,V1.12.4,V1.12.3,Rendimiento,Portfolio FFI: Segundo ingreso a la carta de rendimiento Desde principio de mes con método MWR,599.7,620.5,3.35
2026-05-26T14:32:19-03:00,CFI,Production,V1.12.4,V1.12.3,Rendimiento,Portfolio FFI: Segundo ingreso a la carta de rendimiento Desde principio de mes con método TWR,964.2,591.5,-63.01
2026-05-26T14:32:19-03:00,CFI,Production,V1.12.4,V1.12.3,Rendimiento,Portfolio FFI: Segundo ingreso a la carta de rendimiento Última semana con método MWR,612.2,497.0,-23.18
2026-05-26T14:32:19-03:00,CFI,Production,V1.12.4,V1.12.3,Rendimiento,Portfolio FFI: Segundo ingreso a la carta de rendimiento Última semana con método TWR,516.8,702.75,26.46
2026-05-26T14:32:19-03:00,CFI,Production,V1.12.4,V1.12.3,Rendimiento,Portfolio FFI: Segundo ingreso a la carta de rendimiento Último año con método MWR,2288.9,1777.5,-28.77
2026-05-26T14:32:19-03:00,CFI,Production,V1.12.4,V1.12.3,Rendimiento,Portfolio FFI: Segundo ingreso a la carta de rendimiento Último año con método TWR,2345.6,2143.75,-9.42
2026-05-26T14:32:19-03:00,CFI,Production,V1.12.4,V1.12.3,Rendimiento,Portfolio FFI: Segundo ingreso a la carta de rendimiento Último mes con método MWR,617.4,794.75,22.32
2026-05-26T14:32:19-03:00,CFI,Production,V1.12.4,V1.12.3,Rendimiento,Portfolio FFI: Segundo ingreso a la carta de rendimiento Último mes con método TWR,660.7,601.25,-9.89
2026-05-26T14:32:19-03:00,CFI,Production,V1.12.4,V1.12.3,Rendimiento,Portfolio FFI: Segundo ingreso a la carta de rendimiento Últimos 3 meses con método MWR,913.6,808.0,-13.07
2026-05-26T14:32:19-03:00,CFI,Production,V1.12.4,V1.12.3,Rendimiento,Portfolio FFI: Segundo ingreso a la carta de rendimiento Últimos 3 meses con método TWR,837.8,910.5,7.98
2026-05-26T14:32:19-03:00,CFI,Production,V1.12.4,V1.12.3,Rendimiento,Portfolio FPC: Primer ingreso a la carta de rendimiento Desde el inicio con método MWR,4990.2,4443.75,-12.3
2026-05-26T14:32:19-03:00,CFI,Production,V1.12.4,V1.12.3,Rendimiento,Portfolio FPC: Primer ingreso a la carta de rendimiento Desde el inicio con método TWR,4819.3,4109.25,-17.28
2026-05-26T14:32:19-03:00,CFI,Production,V1.12.4,V1.12.3,Rendimiento,Portfolio FPC: Primer ingreso a la carta de rendimiento Desde principio de año con método MWR,996.6,762.0,-30.79
2026-05-26T14:32:19-03:00,CFI,Production,V1.12.4,V1.12.3,Rendimiento,Portfolio FPC: Primer ingreso a la carta de rendimiento Desde principio de año con método TWR,886.0,925.5,4.27
2026-05-26T14:32:19-03:00,CFI,Production,V1.12.4,V1.12.3,Rendimiento,Portfolio FPC: Primer ingreso a la carta de rendimiento Desde principio de mes con método MWR,967.4,493.25,-96.13
2026-05-26T14:32:19-03:00,CFI,Production,V1.12.4,V1.12.3,Rendimiento,Portfolio FPC: Primer ingreso a la carta de rendimiento Desde principio de mes con método TWR,784.9,477.5,-64.38
2026-05-26T14:32:19-03:00,CFI,Production,V1.12.4,V1.12.3,Rendimiento,Portfolio FPC: Primer ingreso a la carta de rendimiento Última semana con método MWR,490.9,501.5,2.11
2026-05-26T14:32:19-03:00,CFI,Production,V1.12.4,V1.12.3,Rendimiento,Portfolio FPC: Primer ingreso a la carta de rendimiento Última semana con método TWR,512.1,476.5,-7.47
2026-05-26T14:32:19-03:00,CFI,Production,V1.12.4,V1.12.3,Rendimiento,Portfolio FPC: Primer ingreso a la carta de rendimiento Último año con método MWR,1994.8,1530.75,-30.32
2026-05-26T14:32:19-03:00,CFI,Production,V1.12.4,V1.12.3,Rendimiento,Portfolio FPC: Primer ingreso a la carta de rendimiento Último año con método TWR,2062.3,1669.5,-23.53
2026-05-26T14:32:19-03:00,CFI,Production,V1.12.4,V1.12.3,Rendimiento,Portfolio FPC: Primer ingreso a la carta de rendimiento Último mes con método MWR,569.2,535.5,-6.29
2026-05-26T14:32:19-03:00,CFI,Production,V1.12.4,V1.12.3,Rendimiento,Portfolio FPC: Primer ingreso a la carta de rendimiento Último mes con método TWR,584.9,614.0,4.74
2026-05-26T14:32:19-03:00,CFI,Production,V1.12.4,V1.12.3,Rendimiento,Portfolio FPC: Primer ingreso a la carta de rendimiento Últimos 3 meses con método MWR,776.6,735.75,-5.55
2026-05-26T14:32:19-03:00,CFI,Production,V1.12.4,V1.12.3,Rendimiento,Portfolio FPC: Primer ingreso a la carta de rendimiento Últimos 3 meses con método TWR,737.7,667.25,-10.56
2026-05-26T14:32:19-03:00,CFI,Production,V1.12.4,V1.12.3,Rendimiento,Portfolio FPC: Segundo ingreso a la carta de rendimiento Desde el inicio con método MWR,5016.7,4261.0,-17.74
2026-05-26T14:32:19-03:00,CFI,Production,V1.12.4,V1.12.3,Rendimiento,Portfolio FPC: Segundo ingreso a la carta de rendimiento Desde el inicio con método TWR,4893.5,4448.5,-10.0
2026-05-26T14:32:19-03:00,CFI,Production,V1.12.4,V1.12.3,Rendimiento,Portfolio FPC: Segundo ingreso a la carta de rendimiento Desde principio de año con método MWR,960.0,827.75,-15.98
2026-05-26T14:32:19-03:00,CFI,Production,V1.12.4,V1.12.3,Rendimiento,Portfolio FPC: Segundo ingreso a la carta de rendimiento Desde principio de año con método TWR,884.8,812.25,-8.93
2026-05-26T14:32:19-03:00,CFI,Production,V1.12.4,V1.12.3,Rendimiento,Portfolio FPC: Segundo ingreso a la carta de rendimiento Desde principio de mes con método MWR,518.5,533.0,2.72
2026-05-26T14:32:19-03:00,CFI,Production,V1.12.4,V1.12.3,Rendimiento,Portfolio FPC: Segundo ingreso a la carta de rendimiento Desde principio de mes con método TWR,527.2,539.25,2.23
2026-05-26T14:32:19-03:00,CFI,Production,V1.12.4,V1.12.3,Rendimiento,Portfolio FPC: Segundo ingreso a la carta de rendimiento Última semana con método MWR,530.5,710.25,25.31
2026-05-26T14:32:19-03:00,CFI,Production,V1.12.4,V1.12.3,Rendimiento,Portfolio FPC: Segundo ingreso a la carta de rendimiento Última semana con método TWR,504.1,499.25,-0.97
2026-05-26T14:32:19-03:00,CFI,Production,V1.12.4,V1.12.3,Rendimiento,Portfolio FPC: Segundo ingreso a la carta de rendimiento Último año con método MWR,1656.6,1902.25,12.91
2026-05-26T14:32:19-03:00,CFI,Production,V1.12.4,V1.12.3,Rendimiento,Portfolio FPC: Segundo ingreso a la carta de rendimiento Último año con método TWR,1777.9,1711.25,-3.89
2026-05-26T14:32:19-03:00,CFI,Production,V1.12.4,V1.12.3,Rendimiento,Portfolio FPC: Segundo ingreso a la carta de rendimiento Último mes con método MWR,858.0,564.25,-52.06
2026-05-26T14:32:19-03:00,CFI,Production,V1.12.4,V1.12.3,Rendimiento,Portfolio FPC: Segundo ingreso a la carta de rendimiento Último mes con método TWR,591.7,703.25,15.86
2026-05-26T14:32:19-03:00,CFI,Production,V1.12.4,V1.12.3,Rendimiento,Portfolio FPC: Segundo ingreso a la carta de rendimiento Últimos 3 meses con método MWR,775.0,698.0,-11.03
2026-05-26T14:32:19-03:00,CFI,Production,V1.12.4,V1.12.3,Rendimiento,Portfolio FPC: Segundo ingreso a la carta de rendimiento Últimos 3 meses con método TWR,746.9,788.25,5.25
2026-05-26T14:32:19-03:00,CFI,Production,V1.12.4,V1.12.3,Rendimiento,Portfolio Fondo de Garantia CFI: Primer ingreso a la carta de rendimiento Desde el inicio con método MWR,5046.4,4409.0,-14.46
2026-05-26T14:32:19-03:00,CFI,Production,V1.12.4,V1.12.3,Rendimiento,Portfolio Fondo de Garantia CFI: Primer ingreso a la carta de rendimiento Desde el inicio con método TWR,5001.8,3783.0,-32.22
2026-05-26T14:32:19-03:00,CFI,Production,V1.12.4,V1.12.3,Rendimiento,Portfolio Fondo de Garantia CFI: Primer ingreso a la carta de rendimiento Desde principio de año con método MWR,928.5,840.0,-10.54
2026-05-26T14:32:19-03:00,CFI,Production,V1.12.4,V1.12.3,Rendimiento,Portfolio Fondo de Garantia CFI: Primer ingreso a la carta de rendimiento Desde principio de año con método TWR,990.6,854.0,-16.0
2026-05-26T14:32:19-03:00,CFI,Production,V1.12.4,V1.12.3,Rendimiento,Portfolio Fondo de Garantia CFI: Primer ingreso a la carta de rendimiento Desde principio de mes con método MWR,502.3,453.0,-10.88
2026-05-26T14:32:19-03:00,CFI,Production,V1.12.4,V1.12.3,Rendimiento,Portfolio Fondo de Garantia CFI: Primer ingreso a la carta de rendimiento Desde principio de mes con método TWR,591.3,463.0,-27.71
2026-05-26T14:32:19-03:00,CFI,Production,V1.12.4,V1.12.3,Rendimiento,Portfolio Fondo de Garantia CFI: Primer ingreso a la carta de rendimiento Última semana con método MWR,500.8,497.0,-0.76
2026-05-26T14:32:19-03:00,CFI,Production,V1.12.4,V1.12.3,Rendimiento,Portfolio Fondo de Garantia CFI: Primer ingreso a la carta de rendimiento Última semana con método TWR,501.0,520.0,3.65
2026-05-26T14:32:19-03:00,CFI,Production,V1.12.4,V1.12.3,Rendimiento,Portfolio Fondo de Garantia CFI: Primer ingreso a la carta de rendimiento Último año con método MWR,2130.5,2111.0,-0.92
2026-05-26T14:32:19-03:00,CFI,Production,V1.12.4,V1.12.3,Rendimiento,Portfolio Fondo de Garantia CFI: Primer ingreso a la carta de rendimiento Último año con método TWR,2012.0,1737.0,-15.83
2026-05-26T14:32:19-03:00,CFI,Production,V1.12.4,V1.12.3,Rendimiento,Portfolio Fondo de Garantia CFI: Primer ingreso a la carta de rendimiento Último mes con método MWR,588.1,545.0,-7.91
2026-05-26T14:32:19-03:00,CFI,Production,V1.12.4,V1.12.3,Rendimiento,Portfolio Fondo de Garantia CFI: Primer ingreso a la carta de rendimiento Último mes con método TWR,594.0,565.0,-5.13
2026-05-26T14:32:19-03:00,CFI,Production,V1.12.4,V1.12.3,Rendimiento,Portfolio Fondo de Garantia CFI: Primer ingreso a la carta de rendimiento Últimos 3 meses con método MWR,793.4,732.0,-8.39
2026-05-26T14:32:19-03:00,CFI,Production,V1.12.4,V1.12.3,Rendimiento,Portfolio Fondo de Garantia CFI: Primer ingreso a la carta de rendimiento Últimos 3 meses con método TWR,817.4,759.0,-7.69
2026-05-26T14:32:19-03:00,CFI,Production,V1.12.4,V1.12.3,Rendimiento,Portfolio Fondo de Garantia CFI: Segundo ingreso a la carta de rendimiento Desde el inicio con método MWR,5017.3,4989.0,-0.57
2026-05-26T14:32:19-03:00,CFI,Production,V1.12.4,V1.12.3,Rendimiento,Portfolio Fondo de Garantia CFI: Segundo ingreso a la carta de rendimiento Desde el inicio con método TWR,4693.5,4580.0,-2.48
2026-05-26T14:32:19-03:00,CFI,Production,V1.12.4,V1.12.3,Rendimiento,Portfolio Fondo de Garantia CFI: Segundo ingreso a la carta de rendimiento Desde principio de año con método MWR,949.2,936.0,-1.41
2026-05-26T14:32:19-03:00,CFI,Production,V1.12.4,V1.12.3,Rendimiento,Portfolio Fondo de Garantia CFI: Segundo ingreso a la carta de rendimiento Desde principio de año con método TWR,976.1,887.0,-10.05
2026-05-26T14:32:19-03:00,CFI,Production,V1.12.4,V1.12.3,Rendimiento,Portfolio Fondo de Garantia CFI: Segundo ingreso a la carta de rendimiento Desde principio de mes con método MWR,528.7,504.0,-4.9
2026-05-26T14:32:19-03:00,CFI,Production,V1.12.4,V1.12.3,Rendimiento,Portfolio Fondo de Garantia CFI: Segundo ingreso a la carta de rendimiento Desde principio de mes con método TWR,566.5,478.0,-18.51
2026-05-26T14:32:19-03:00,CFI,Production,V1.12.4,V1.12.3,Rendimiento,Portfolio Fondo de Garantia CFI: Segundo ingreso a la carta de rendimiento Última semana con método MWR,510.2,490.0,-4.12
2026-05-26T14:32:19-03:00,CFI,Production,V1.12.4,V1.12.3,Rendimiento,Portfolio Fondo de Garantia CFI: Segundo ingreso a la carta de rendimiento Última semana con método TWR,542.9,510.0,-6.45
2026-05-26T14:32:19-03:00,CFI,Production,V1.12.4,V1.12.3,Rendimiento,Portfolio Fondo de Garantia CFI: Segundo ingreso a la carta de rendimiento Último año con método MWR,1914.0,1866.0,-2.57
2026-05-26T14:32:19-03:00,CFI,Production,V1.12.4,V1.12.3,Rendimiento,Portfolio Fondo de Garantia CFI: Segundo ingreso a la carta de rendimiento Último año con método TWR,2389.0,2168.0,-10.19
2026-05-26T14:32:19-03:00,CFI,Production,V1.12.4,V1.12.3,Rendimiento,Portfolio Fondo de Garantia CFI: Segundo ingreso a la carta de rendimiento Último mes con método MWR,635.1,709.0,10.42
2026-05-26T14:32:19-03:00,CFI,Production,V1.12.4,V1.12.3,Rendimiento,Portfolio Fondo de Garantia CFI: Segundo ingreso a la carta de rendimiento Último mes con método TWR,719.8,579.0,-24.32
2026-05-26T14:32:19-03:00,CFI,Production,V1.12.4,V1.12.3,Rendimiento,Portfolio Fondo de Garantia CFI: Segundo ingreso a la carta de rendimiento Últimos 3 meses con método MWR,871.8,751.0,-16.09
2026-05-26T14:32:19-03:00,CFI,Production,V1.12.4,V1.12.3,Rendimiento,Portfolio Fondo de Garantia CFI: Segundo ingreso a la carta de rendimiento Últimos 3 meses con método TWR,968.1,948.0,-2.12
2026-05-26T14:32:19-03:00,CFI,Production,V1.12.4,V1.12.3,Rendimiento,Portfolio Fondo de Obra Social: Primer ingreso a la carta de rendimiento Desde el inicio con método MWR,3925.3,3636.5,-7.94
2026-05-26T14:32:19-03:00,CFI,Production,V1.12.4,V1.12.3,Rendimiento,Portfolio Fondo de Obra Social: Primer ingreso a la carta de rendimiento Desde el inicio con método TWR,4117.7,3555.0,-15.83
2026-05-26T14:32:19-03:00,CFI,Production,V1.12.4,V1.12.3,Rendimiento,Portfolio Fondo de Obra Social: Primer ingreso a la carta de rendimiento Desde principio de año con método MWR,970.0,872.25,-11.21
2026-05-26T14:32:19-03:00,CFI,Production,V1.12.4,V1.12.3,Rendimiento,Portfolio Fondo de Obra Social: Primer ingreso a la carta de rendimiento Desde principio de año con método TWR,1416.2,804.0,-76.14
2026-05-26T14:32:19-03:00,CFI,Production,V1.12.4,V1.12.3,Rendimiento,Portfolio Fondo de Obra Social: Primer ingreso a la carta de rendimiento Desde principio de mes con método MWR,519.8,519.0,-0.15
2026-05-26T14:32:19-03:00,CFI,Production,V1.12.4,V1.12.3,Rendimiento,Portfolio Fondo de Obra Social: Primer ingreso a la carta de rendimiento Desde principio de mes con método TWR,536.0,515.5,-3.98
2026-05-26T14:32:19-03:00,CFI,Production,V1.12.4,V1.12.3,Rendimiento,Portfolio Fondo de Obra Social: Primer ingreso a la carta de rendimiento Última semana con método MWR,479.6,476.0,-0.76
2026-05-26T14:32:19-03:00,CFI,Production,V1.12.4,V1.12.3,Rendimiento,Portfolio Fondo de Obra Social: Primer ingreso a la carta de rendimiento Última semana con método TWR,542.0,450.5,-20.31
2026-05-26T14:32:19-03:00,CFI,Production,V1.12.4,V1.12.3,Rendimiento,Portfolio Fondo de Obra Social: Primer ingreso a la carta de rendimiento Último año con método MWR,2378.9,1714.5,-38.75
2026-05-26T14:32:19-03:00,CFI,Production,V1.12.4,V1.12.3,Rendimiento,Portfolio Fondo de Obra Social: Primer ingreso a la carta de rendimiento Último año con método TWR,2006.0,1731.0,-15.89
2026-05-26T14:32:19-03:00,CFI,Production,V1.12.4,V1.12.3,Rendimiento,Portfolio Fondo de Obra Social: Primer ingreso a la carta de rendimiento Último mes con método MWR,590.0,513.0,-15.01
2026-05-26T14:32:19-03:00,CFI,Production,V1.12.4,V1.12.3,Rendimiento,Portfolio Fondo de Obra Social: Primer ingreso a la carta de rendimiento Último mes con método TWR,689.1,569.0,-21.11
2026-05-26T14:32:19-03:00,CFI,Production,V1.12.4,V1.12.3,Rendimiento,Portfolio Fondo de Obra Social: Primer ingreso a la carta de rendimiento Últimos 3 meses con método MWR,774.5,691.25,-12.04
2026-05-26T14:32:19-03:00,CFI,Production,V1.12.4,V1.12.3,Rendimiento,Portfolio Fondo de Obra Social: Primer ingreso a la carta de rendimiento Últimos 3 meses con método TWR,789.7,754.25,-4.7
2026-05-26T14:32:19-03:00,CFI,Production,V1.12.4,V1.12.3,Rendimiento,Portfolio Fondo de Obra Social: Segundo ingreso a la carta de rendimiento Desde el inicio con método MWR,3758.3,3533.75,-6.35
2026-05-26T14:32:19-03:00,CFI,Production,V1.12.4,V1.12.3,Rendimiento,Portfolio Fondo de Obra Social: Segundo ingreso a la carta de rendimiento Desde el inicio con método TWR,4208.0,3708.5,-13.47
2026-05-26T14:32:19-03:00,CFI,Production,V1.12.4,V1.12.3,Rendimiento,Portfolio Fondo de Obra Social: Segundo ingreso a la carta de rendimiento Desde principio de año con método MWR,946.7,1054.25,10.2
2026-05-26T14:32:19-03:00,CFI,Production,V1.12.4,V1.12.3,Rendimiento,Portfolio Fondo de Obra Social: Segundo ingreso a la carta de rendimiento Desde principio de año con método TWR,1359.0,1180.25,-15.15
2026-05-26T14:32:19-03:00,CFI,Production,V1.12.4,V1.12.3,Rendimiento,Portfolio Fondo de Obra Social: Segundo ingreso a la carta de rendimiento Desde principio de mes con método MWR,507.2,513.25,1.18
2026-05-26T14:32:19-03:00,CFI,Production,V1.12.4,V1.12.3,Rendimiento,Portfolio Fondo de Obra Social: Segundo ingreso a la carta de rendimiento Desde principio de mes con método TWR,586.2,518.75,-13.0
2026-05-26T14:32:19-03:00,CFI,Production,V1.12.4,V1.12.3,Rendimiento,Portfolio Fondo de Obra Social: Segundo ingreso a la carta de rendimiento Última semana con método MWR,694.8,516.25,-34.59
2026-05-26T14:32:19-03:00,CFI,Production,V1.12.4,V1.12.3,Rendimiento,Portfolio Fondo de Obra Social: Segundo ingreso a la carta de rendimiento Última semana con método TWR,548.7,498.75,-10.02
2026-05-26T14:32:19-03:00,CFI,Production,V1.12.4,V1.12.3,Rendimiento,Portfolio Fondo de Obra Social: Segundo ingreso a la carta de rendimiento Último año con método MWR,2316.4,1704.5,-35.9
2026-05-26T14:32:19-03:00,CFI,Production,V1.12.4,V1.12.3,Rendimiento,Portfolio Fondo de Obra Social: Segundo ingreso a la carta de rendimiento Último año con método TWR,2169.8,1818.25,-19.33
2026-05-26T14:32:19-03:00,CFI,Production,V1.12.4,V1.12.3,Rendimiento,Portfolio Fondo de Obra Social: Segundo ingreso a la carta de rendimiento Último mes con método MWR,606.8,552.5,-9.83
2026-05-26T14:32:19-03:00,CFI,Production,V1.12.4,V1.12.3,Rendimiento,Portfolio Fondo de Obra Social: Segundo ingreso a la carta de rendimiento Último mes con método TWR,619.3,642.0,3.54
2026-05-26T14:32:19-03:00,CFI,Production,V1.12.4,V1.12.3,Rendimiento,Portfolio Fondo de Obra Social: Segundo ingreso a la carta de rendimiento Últimos 3 meses con método MWR,803.5,745.25,-7.82
2026-05-26T14:32:19-03:00,CFI,Production,V1.12.4,V1.12.3,Rendimiento,Portfolio Fondo de Obra Social: Segundo ingreso a la carta de rendimiento Últimos 3 meses con método TWR,816.4,780.75,-4.57
2026-05-26T14:32:19-03:00,CFI,Production,V1.12.4,V1.12.3,Rendimiento,Portfolio Total: Primer ingreso a la carta de rendimiento Desde el inicio con método MWR,8771.5,7848.5,-11.76
2026-05-26T14:32:19-03:00,CFI,Production,V1.12.4,V1.12.3,Rendimiento,Portfolio Total: Primer ingreso a la carta de rendimiento Desde el inicio con método TWR,7994.9,7459.5,-7.18
2026-05-26T14:32:19-03:00,CFI,Production,V1.12.4,V1.12.3,Rendimiento,Portfolio Total: Primer ingreso a la carta de rendimiento Desde principio de año con método MWR,1403.6,1273.25,-10.24
2026-05-26T14:32:19-03:00,CFI,Production,V1.12.4,V1.12.3,Rendimiento,Portfolio Total: Primer ingreso a la carta de rendimiento Desde principio de año con método TWR,1459.1,1284.25,-13.61
2026-05-26T14:32:19-03:00,CFI,Production,V1.12.4,V1.12.3,Rendimiento,Portfolio Total: Primer ingreso a la carta de rendimiento Desde principio de mes con método MWR,804.7,628.25,-28.09
2026-05-26T14:32:19-03:00,CFI,Production,V1.12.4,V1.12.3,Rendimiento,Portfolio Total: Primer ingreso a la carta de rendimiento Desde principio de mes con método TWR,629.8,611.5,-2.99
2026-05-26T14:32:19-03:00,CFI,Production,V1.12.4,V1.12.3,Rendimiento,Portfolio Total: Primer ingreso a la carta de rendimiento Última semana con método MWR,598.7,597.0,-0.28
2026-05-26T14:32:19-03:00,CFI,Production,V1.12.4,V1.12.3,Rendimiento,Portfolio Total: Primer ingreso a la carta de rendimiento Última semana con método TWR,624.3,527.5,-18.35
2026-05-26T14:32:19-03:00,CFI,Production,V1.12.4,V1.12.3,Rendimiento,Portfolio Total: Primer ingreso a la carta de rendimiento Último año con método MWR,3012.3,3411.5,11.7
2026-05-26T14:32:19-03:00,CFI,Production,V1.12.4,V1.12.3,Rendimiento,Portfolio Total: Primer ingreso a la carta de rendimiento Último año con método TWR,2971.8,3205.0,7.28
2026-05-26T14:32:19-03:00,CFI,Production,V1.12.4,V1.12.3,Rendimiento,Portfolio Total: Primer ingreso a la carta de rendimiento Último mes con método MWR,944.6,1100.5,14.17
2026-05-26T14:32:19-03:00,CFI,Production,V1.12.4,V1.12.3,Rendimiento,Portfolio Total: Primer ingreso a la carta de rendimiento Último mes con método TWR,838.2,883.25,5.1
2026-05-26T14:32:19-03:00,CFI,Production,V1.12.4,V1.12.3,Rendimiento,Portfolio Total: Primer ingreso a la carta de rendimiento Últimos 3 meses con método MWR,1754.2,964.0,-81.97
2026-05-26T14:32:19-03:00,CFI,Production,V1.12.4,V1.12.3,Rendimiento,Portfolio Total: Primer ingreso a la carta de rendimiento Últimos 3 meses con método TWR,1160.2,952.0,-21.87
2026-05-26T14:32:19-03:00,CFI,Production,V1.12.4,V1.12.3,Rendimiento,Portfolio Total: Segundo ingreso a la carta de rendimiento Desde el inicio con método MWR,7691.6,7029.25,-9.42
2026-05-26T14:32:19-03:00,CFI,Production,V1.12.4,V1.12.3,Rendimiento,Portfolio Total: Segundo ingreso a la carta de rendimiento Desde el inicio con método TWR,7399.2,7100.25,-4.21
2026-05-26T14:32:19-03:00,CFI,Production,V1.12.4,V1.12.3,Rendimiento,Portfolio Total: Segundo ingreso a la carta de rendimiento Desde principio de año con método MWR,1745.0,1252.25,-39.35
2026-05-26T14:32:19-03:00,CFI,Production,V1.12.4,V1.12.3,Rendimiento,Portfolio Total: Segundo ingreso a la carta de rendimiento Desde principio de año con método TWR,2109.7,1289.75,-63.57
2026-05-26T14:32:19-03:00,CFI,Production,V1.12.4,V1.12.3,Rendimiento,Portfolio Total: Segundo ingreso a la carta de rendimiento Desde principio de mes con método MWR,806.4,945.25,14.69
2026-05-26T14:32:19-03:00,CFI,Production,V1.12.4,V1.12.3,Rendimiento,Portfolio Total: Segundo ingreso a la carta de rendimiento Desde principio de mes con método TWR,701.5,906.75,22.64
2026-05-26T14:32:19-03:00,CFI,Production,V1.12.4,V1.12.3,Rendimiento,Portfolio Total: Segundo ingreso a la carta de rendimiento Última semana con método MWR,753.2,827.5,8.98
2026-05-26T14:32:19-03:00,CFI,Production,V1.12.4,V1.12.3,Rendimiento,Portfolio Total: Segundo ingreso a la carta de rendimiento Última semana con método TWR,686.0,887.0,22.66
2026-05-26T14:32:19-03:00,CFI,Production,V1.12.4,V1.12.3,Rendimiento,Portfolio Total: Segundo ingreso a la carta de rendimiento Último año con método MWR,3143.7,2966.75,-5.96
2026-05-26T14:32:19-03:00,CFI,Production,V1.12.4,V1.12.3,Rendimiento,Portfolio Total: Segundo ingreso a la carta de rendimiento Último año con método TWR,2811.6,3084.0,8.83
2026-05-26T14:32:19-03:00,CFI,Production,V1.12.4,V1.12.3,Rendimiento,Portfolio Total: Segundo ingreso a la carta de rendimiento Último mes con método MWR,1046.9,866.0,-20.89
2026-05-26T14:32:19-03:00,CFI,Production,V1.12.4,V1.12.3,Rendimiento,Portfolio Total: Segundo ingreso a la carta de rendimiento Último mes con método TWR,1064.5,879.25,-21.07
2026-05-26T14:32:19-03:00,CFI,Production,V1.12.4,V1.12.3,Rendimiento,Portfolio Total: Segundo ingreso a la carta de rendimiento Últimos 3 meses con método MWR,1248.3,1432.5,12.86
2026-05-26T14:32:19-03:00,CFI,Production,V1.12.4,V1.12.3,Rendimiento,Portfolio Total: Segundo ingreso a la carta de rendimiento Últimos 3 meses con método TWR,1511.8,1435.75,-5.3
2026-05-26T14:32:19-03:00,CFI,Production,V1.12.4,V1.12.3,Rendimiento,Primer ingreso al menú Rendimiento,4006.1,3493.5,-14.67
2026-05-26T14:32:19-03:00,CFI,Production,V1.12.4,V1.12.3,Rendimiento,Primer ingreso al portfolio CFI,3708.2,3954.0,6.22
2026-05-26T14:32:19-03:00,CFI,Production,V1.12.4,V1.12.3,Rendimiento,Primer ingreso al portfolio FFI,3007.4,2906.5,-3.47
2026-05-26T14:32:19-03:00,CFI,Production,V1.12.4,V1.12.3,Rendimiento,Primer ingreso al portfolio FPC,1534.0,1734.5,11.56
2026-05-26T14:32:19-03:00,CFI,Production,V1.12.4,V1.12.3,Rendimiento,Primer ingreso al portfolio Fondo de Garantia CFI,3856.9,2069.0,-86.41
2026-05-26T14:32:19-03:00,CFI,Production,V1.12.4,V1.12.3,Rendimiento,Primer ingreso al portfolio Fondo de Obra Social,2557.6,2015.25,-26.91
2026-05-26T14:32:19-03:00,CFI,Production,V1.12.4,V1.12.3,Rendimiento,Primer ingreso al portfolio Total,14068.2,9910.75,-41.95
2026-05-26T14:32:19-03:00,CFI,Production,V1.12.4,V1.12.3,Rendimiento,Segundo ingreso al portfolio CFI,1545.5,1526.75,-1.23
2026-05-26T14:32:19-03:00,CFI,Production,V1.12.4,V1.12.3,Rendimiento,Segundo ingreso al portfolio FFI,1181.8,1149.5,-2.81
2026-05-26T14:32:19-03:00,CFI,Production,V1.12.4,V1.12.3,Rendimiento,Segundo ingreso al portfolio FPC,1119.7,1151.25,2.74
2026-05-26T14:32:19-03:00,CFI,Production,V1.12.4,V1.12.3,Rendimiento,Segundo ingreso al portfolio Fondo de Garantia CFI,1225.3,1133.0,-8.15
2026-05-26T14:32:19-03:00,CFI,Production,V1.12.4,V1.12.3,Rendimiento,Segundo ingreso al portfolio Fondo de Obra Social,1159.8,1125.25,-3.07
2026-05-26T14:32:19-03:00,CFI,Production,V1.12.4,V1.12.3,Rendimiento,Segundo ingreso al portfolio Total,2142.3,1379.75,-55.27
