Timestamp,Cliente,Ambiente,Sección,Descripción,Versión,P95 (ms) actual,P95 (ms) histórico,Porcentaje de mejora/empeora
2026-05-22T14:12:33-03:00,CFI,Production,Agenda,Primer ingreso al menú Agenda,V1.12.4,4342.0,3921.8,-10.71
2026-05-22T14:12:33-03:00,CFI,Production,Agenda,"Primer ingreso: Tipo de instrumento Acciones, estado: Cobrado",V1.12.4,708.0,656.25,-7.89
2026-05-22T14:12:33-03:00,CFI,Production,Agenda,"Primer ingreso: Tipo de instrumento Acciones, estado: Cobrado, fecha: 1 mes hacia atras",V1.12.4,1199.4,1132.5,-5.91
2026-05-22T14:12:33-03:00,CFI,Production,Agenda,"Primer ingreso: Tipo de instrumento Acciones, estado: Cobrado, fecha: 3 meses hacia atras",V1.12.4,1219.8,1170.0,-4.26
2026-05-22T14:12:33-03:00,CFI,Production,Agenda,"Primer ingreso: Tipo de instrumento Acciones, estado: Pendiente",V1.12.4,660.8,621.5,-6.32
2026-05-22T14:12:33-03:00,CFI,Production,Agenda,"Primer ingreso: Tipo de instrumento Acciones, estado: Pendiente, fecha: 1 mes hacia atras",V1.12.4,1201.4,1220.25,1.54
2026-05-22T14:12:33-03:00,CFI,Production,Agenda,"Primer ingreso: Tipo de instrumento Acciones, estado: Pendiente, fecha: 3 meses hacia atras",V1.12.4,1224.8,1260.25,2.81
2026-05-22T14:12:33-03:00,CFI,Production,Agenda,"Primer ingreso: Tipo de instrumento Bonos, estado: Cobrado",V1.12.4,878.4,826.5,-6.28
2026-05-22T14:12:33-03:00,CFI,Production,Agenda,"Primer ingreso: Tipo de instrumento Bonos, estado: Cobrado, fecha: 1 mes hacia atras",V1.12.4,1553.2,1416.5,-9.65
2026-05-22T14:12:33-03:00,CFI,Production,Agenda,"Primer ingreso: Tipo de instrumento Bonos, estado: Cobrado, fecha: 3 meses hacia atras",V1.12.4,1633.2,1554.25,-5.08
2026-05-22T14:12:33-03:00,CFI,Production,Agenda,"Primer ingreso: Tipo de instrumento Bonos, estado: Pendiente",V1.12.4,194995.2,12431.25,-1468.59
2026-05-22T14:12:33-03:00,CFI,Production,Agenda,"Primer ingreso: Tipo de instrumento Bonos, estado: Pendiente, fecha: 1 mes hacia atras",V1.12.4,11646.0,11901.75,2.15
2026-05-22T14:12:33-03:00,CFI,Production,Agenda,"Primer ingreso: Tipo de instrumento Bonos, estado: Pendiente, fecha: 3 meses hacia atras",V1.12.4,29740.4,11834.5,-151.3
2026-05-22T14:12:33-03:00,CFI,Production,Agenda,"Primer ingreso: Tipo de instrumento Operaciones a descuento, estado: Cobrado, Concepto: Cancelación anticipada",V1.12.4,970.0,823.75,-17.75
2026-05-22T14:12:33-03:00,CFI,Production,Agenda,"Primer ingreso: Tipo de instrumento Operaciones a descuento, estado: Cobrado, Concepto: Cancelación anticipada, fecha: 1 mes hacia atras",V1.12.4,973.2,1035.0,5.97
2026-05-22T14:12:33-03:00,CFI,Production,Agenda,"Primer ingreso: Tipo de instrumento Operaciones a descuento, estado: Cobrado, Concepto: Cancelación anticipada, fecha: 3 meses hacia atras",V1.12.4,1047.2,952.25,-9.97
2026-05-22T14:12:33-03:00,CFI,Production,Agenda,"Primer ingreso: Tipo de instrumento Operaciones a descuento, estado: Cobrado, Concepto: Vencimiento",V1.12.4,744.4,744.0,-0.05
2026-05-22T14:12:33-03:00,CFI,Production,Agenda,"Primer ingreso: Tipo de instrumento Operaciones a descuento, estado: Cobrado, Concepto: Vencimiento, fecha: 1 mes hacia atras",V1.12.4,967.4,963.25,-0.43
2026-05-22T14:12:33-03:00,CFI,Production,Agenda,"Primer ingreso: Tipo de instrumento Operaciones a descuento, estado: Cobrado, Concepto: Vencimiento, fecha: 3 meses hacia atras",V1.12.4,963.0,953.25,-1.02
2026-05-22T14:12:33-03:00,CFI,Production,Agenda,"Primer ingreso: Tipo de instrumento Operaciones a descuento, estado: Cobrado, Concepto: Venta",V1.12.4,746.4,827.75,9.83
2026-05-22T14:12:33-03:00,CFI,Production,Agenda,"Primer ingreso: Tipo de instrumento Operaciones a descuento, estado: Cobrado, Concepto: Venta, fecha: 1 mes hacia atras",V1.12.4,981.0,960.5,-2.13
2026-05-22T14:12:33-03:00,CFI,Production,Agenda,"Primer ingreso: Tipo de instrumento Operaciones a descuento, estado: Cobrado, Concepto: Venta, fecha: 3 meses hacia atras",V1.12.4,965.2,996.5,3.14
2026-05-22T14:12:33-03:00,CFI,Production,Agenda,"Primer ingreso: Tipo de instrumento Operaciones a descuento, estado: Pendiente",V1.12.4,572.6,600.5,4.65
2026-05-22T14:12:33-03:00,CFI,Production,Agenda,"Primer ingreso: Tipo de instrumento Operaciones a descuento, estado: Pendiente, fecha: 1 mes hacia atras",V1.12.4,1194.0,1194.5,0.04
2026-05-22T14:12:33-03:00,CFI,Production,Agenda,"Primer ingreso: Tipo de instrumento Operaciones a descuento, estado: Pendiente, fecha: 3 meses hacia atras",V1.12.4,1277.2,1150.5,-11.01
2026-05-22T14:12:33-03:00,CFI,Production,Agenda,"Primer ingreso: Tipo de instrumento Operaciones a plazo, estado: Cobrado, Concepto: Cancelación anticipada",V1.12.4,854.6,836.75,-2.13
2026-05-22T14:12:33-03:00,CFI,Production,Agenda,"Primer ingreso: Tipo de instrumento Operaciones a plazo, estado: Cobrado, Concepto: Cancelación anticipada, fecha: 1 mes hacia atras",V1.12.4,1057.2,1042.5,-1.41
2026-05-22T14:12:33-03:00,CFI,Production,Agenda,"Primer ingreso: Tipo de instrumento Operaciones a plazo, estado: Cobrado, Concepto: Cancelación anticipada, fecha: 3 meses hacia atras",V1.12.4,1008.6,964.0,-4.63
2026-05-22T14:12:33-03:00,CFI,Production,Agenda,"Primer ingreso: Tipo de instrumento Operaciones a plazo, estado: Cobrado, Concepto: Vencimiento",V1.12.4,2854.8,2138.75,-33.48
2026-05-22T14:12:33-03:00,CFI,Production,Agenda,"Primer ingreso: Tipo de instrumento Operaciones a plazo, estado: Cobrado, Concepto: Vencimiento, fecha: 1 mes hacia atras",V1.12.4,1554.6,1481.0,-4.97
2026-05-22T14:12:33-03:00,CFI,Production,Agenda,"Primer ingreso: Tipo de instrumento Operaciones a plazo, estado: Cobrado, Concepto: Vencimiento, fecha: 3 meses hacia atras",V1.12.4,2682.2,2462.5,-8.92
2026-05-22T14:12:33-03:00,CFI,Production,Agenda,"Primer ingreso: Tipo de instrumento Operaciones a plazo, estado: Cobrado, Concepto: Venta",V1.12.4,1109.2,853.25,-30.0
2026-05-22T14:12:33-03:00,CFI,Production,Agenda,"Primer ingreso: Tipo de instrumento Operaciones a plazo, estado: Cobrado, Concepto: Venta, fecha: 1 mes hacia atras",V1.12.4,1002.6,1001.25,-0.13
2026-05-22T14:12:33-03:00,CFI,Production,Agenda,"Primer ingreso: Tipo de instrumento Operaciones a plazo, estado: Cobrado, Concepto: Venta, fecha: 3 meses hacia atras",V1.12.4,974.2,954.0,-2.12
2026-05-22T14:12:33-03:00,CFI,Production,Agenda,"Primer ingreso: Tipo de instrumento Operaciones a plazo, estado: Pendiente",V1.12.4,1941.4,1745.5,-11.22
2026-05-22T14:12:33-03:00,CFI,Production,Agenda,"Primer ingreso: Tipo de instrumento Operaciones a plazo, estado: Pendiente, fecha: 1 mes hacia atras",V1.12.4,3505.6,3259.75,-7.54
2026-05-22T14:12:33-03:00,CFI,Production,Agenda,"Primer ingreso: Tipo de instrumento Operaciones a plazo, estado: Pendiente, fecha: 3 meses hacia atras",V1.12.4,2557.4,2034.75,-25.69
2026-05-22T14:12:33-03:00,CFI,Production,Agenda,Segundo ingreso al menú Agenda,V1.12.4,4395.2,3831.6,-14.71
2026-05-22T14:12:33-03:00,CFI,Production,Agenda,"Segundo ingreso: Tipo de instrumento Acciones, estado: Cobrado, fecha: 1 mes hacia atras",V1.12.4,1192.0,1163.75,-2.43
2026-05-22T14:12:33-03:00,CFI,Production,Agenda,"Segundo ingreso: Tipo de instrumento Acciones, estado: Cobrado, fecha: 3 meses hacia atras",V1.12.4,1179.6,1216.25,3.01
2026-05-22T14:12:33-03:00,CFI,Production,Agenda,"Segundo ingreso: Tipo de instrumento Acciones, estado: Pendiente, fecha: 1 mes hacia atras",V1.12.4,1224.6,1176.25,-4.11
2026-05-22T14:12:33-03:00,CFI,Production,Agenda,"Segundo ingreso: Tipo de instrumento Acciones, estado: Pendiente, fecha: 3 meses hacia atras",V1.12.4,1293.2,1164.5,-11.05
2026-05-22T14:12:33-03:00,CFI,Production,Agenda,"Segundo ingreso: Tipo de instrumento Acciones, estado: pendiente",V1.12.4,677.2,577.75,-17.21
2026-05-22T14:12:33-03:00,CFI,Production,Agenda,"Segundo ingreso: Tipo de instrumento Acciones,estado: Cobrado",V1.12.4,689.0,714.5,3.57
2026-05-22T14:12:33-03:00,CFI,Production,Agenda,"Segundo ingreso: Tipo de instrumento Bonos, estado: Cobrado",V1.12.4,928.6,863.0,-7.6
2026-05-22T14:12:33-03:00,CFI,Production,Agenda,"Segundo ingreso: Tipo de instrumento Bonos, estado: Cobrado, fecha: 1 mes hacia atras",V1.12.4,1570.6,1449.75,-8.34
2026-05-22T14:12:33-03:00,CFI,Production,Agenda,"Segundo ingreso: Tipo de instrumento Bonos, estado: Cobrado, fecha: 3 meses hacia atras",V1.12.4,1598.6,1474.0,-8.45
2026-05-22T14:12:33-03:00,CFI,Production,Agenda,"Segundo ingreso: Tipo de instrumento Bonos, estado: Pendiente, fecha: 1 mes hacia atras",V1.12.4,10842.0,10678.25,-1.53
2026-05-22T14:12:33-03:00,CFI,Production,Agenda,"Segundo ingreso: Tipo de instrumento Bonos, estado: Pendiente, fecha: 3 meses hacia atras",V1.12.4,11369.4,10647.5,-6.78
2026-05-22T14:12:33-03:00,CFI,Production,Agenda,"Segundo ingreso: Tipo de instrumento Bonos, estado: pendiente",V1.12.4,5670.0,5651.25,-0.33
2026-05-22T14:12:33-03:00,CFI,Production,Agenda,"Segundo ingreso: Tipo de instrumento Operaciones a descuento, estado: Cobrado, Concepto: Cancelación anticipada",V1.12.4,864.8,833.25,-3.79
2026-05-22T14:12:33-03:00,CFI,Production,Agenda,"Segundo ingreso: Tipo de instrumento Operaciones a descuento, estado: Cobrado, Concepto: Cancelación anticipada, fecha: 1 mes hacia atras",V1.12.4,1031.4,1021.0,-1.02
2026-05-22T14:12:33-03:00,CFI,Production,Agenda,"Segundo ingreso: Tipo de instrumento Operaciones a descuento, estado: Cobrado, Concepto: Cancelación anticipada, fecha: 3 meses hacia atras",V1.12.4,1050.2,939.75,-11.75
2026-05-22T14:12:33-03:00,CFI,Production,Agenda,"Segundo ingreso: Tipo de instrumento Operaciones a descuento, estado: Cobrado, Concepto: Vencimiento",V1.12.4,747.2,754.0,0.9
2026-05-22T14:12:33-03:00,CFI,Production,Agenda,"Segundo ingreso: Tipo de instrumento Operaciones a descuento, estado: Cobrado, Concepto: Vencimiento, fecha: 1 mes hacia atras",V1.12.4,995.2,956.5,-4.05
2026-05-22T14:12:33-03:00,CFI,Production,Agenda,"Segundo ingreso: Tipo de instrumento Operaciones a descuento, estado: Cobrado, Concepto: Vencimiento, fecha: 3 meses hacia atras",V1.12.4,1380.6,952.0,-45.02
2026-05-22T14:12:33-03:00,CFI,Production,Agenda,"Segundo ingreso: Tipo de instrumento Operaciones a descuento, estado: Cobrado, Concepto: Venta",V1.12.4,741.8,734.25,-1.03
2026-05-22T14:12:33-03:00,CFI,Production,Agenda,"Segundo ingreso: Tipo de instrumento Operaciones a descuento, estado: Cobrado, Concepto: Venta, fecha: 1 mes hacia atras",V1.12.4,1456.0,958.5,-51.9
2026-05-22T14:12:33-03:00,CFI,Production,Agenda,"Segundo ingreso: Tipo de instrumento Operaciones a descuento, estado: Cobrado, Concepto: Venta, fecha: 3 meses hacia atras",V1.12.4,1004.4,951.5,-5.56
2026-05-22T14:12:33-03:00,CFI,Production,Agenda,"Segundo ingreso: Tipo de instrumento Operaciones a descuento, estado: Pendiente, fecha: 1 mes hacia atras",V1.12.4,1217.0,1185.75,-2.64
2026-05-22T14:12:33-03:00,CFI,Production,Agenda,"Segundo ingreso: Tipo de instrumento Operaciones a descuento, estado: Pendiente, fecha: 3 meses hacia atras",V1.12.4,1198.0,1186.25,-0.99
2026-05-22T14:12:33-03:00,CFI,Production,Agenda,"Segundo ingreso: Tipo de instrumento Operaciones a descuento, estado: pendiente",V1.12.4,594.6,568.5,-4.59
2026-05-22T14:12:33-03:00,CFI,Production,Agenda,"Segundo ingreso: Tipo de instrumento Operaciones a plazo, estado: Cobrado, Concepto: Cancelación anticipada",V1.12.4,854.8,864.0,1.06
2026-05-22T14:12:33-03:00,CFI,Production,Agenda,"Segundo ingreso: Tipo de instrumento Operaciones a plazo, estado: Cobrado, Concepto: Cancelación anticipada, fecha: 1 mes hacia atras",V1.12.4,970.8,959.75,-1.15
2026-05-22T14:12:33-03:00,CFI,Production,Agenda,"Segundo ingreso: Tipo de instrumento Operaciones a plazo, estado: Cobrado, Concepto: Cancelación anticipada, fecha: 3 meses hacia atras",V1.12.4,967.0,956.5,-1.1
2026-05-22T14:12:33-03:00,CFI,Production,Agenda,"Segundo ingreso: Tipo de instrumento Operaciones a plazo, estado: Cobrado, Concepto: Vencimiento",V1.12.4,2225.0,2016.0,-10.37
2026-05-22T14:12:33-03:00,CFI,Production,Agenda,"Segundo ingreso: Tipo de instrumento Operaciones a plazo, estado: Cobrado, Concepto: Vencimiento, fecha: 1 mes hacia atras",V1.12.4,1544.4,1491.0,-3.58
2026-05-22T14:12:33-03:00,CFI,Production,Agenda,"Segundo ingreso: Tipo de instrumento Operaciones a plazo, estado: Cobrado, Concepto: Vencimiento, fecha: 3 meses hacia atras",V1.12.4,2431.2,2409.5,-0.9
2026-05-22T14:12:33-03:00,CFI,Production,Agenda,"Segundo ingreso: Tipo de instrumento Operaciones a plazo, estado: Cobrado, Concepto: Venta",V1.12.4,779.0,756.75,-2.94
2026-05-22T14:12:33-03:00,CFI,Production,Agenda,"Segundo ingreso: Tipo de instrumento Operaciones a plazo, estado: Cobrado, Concepto: Venta, fecha: 1 mes hacia atras",V1.12.4,984.8,1041.5,5.44
2026-05-22T14:12:33-03:00,CFI,Production,Agenda,"Segundo ingreso: Tipo de instrumento Operaciones a plazo, estado: Cobrado, Concepto: Venta, fecha: 3 meses hacia atras",V1.12.4,961.6,1005.25,4.34
2026-05-22T14:12:33-03:00,CFI,Production,Agenda,"Segundo ingreso: Tipo de instrumento Operaciones a plazo, estado: Pendiente, fecha: 1 mes hacia atras",V1.12.4,3699.0,3089.0,-19.75
2026-05-22T14:12:33-03:00,CFI,Production,Agenda,"Segundo ingreso: Tipo de instrumento Operaciones a plazo, estado: Pendiente, fecha: 3 meses hacia atras",V1.12.4,2086.2,1983.0,-5.2
2026-05-22T14:12:33-03:00,CFI,Production,Agenda,"Segundo ingreso: Tipo de instrumento Operaciones a plazo, estado: pendiente",V1.12.4,1760.8,1496.0,-17.7
2026-05-22T14:12:33-03:00,CFI,Production,Home,Ingreso a MPC,V1.12.4,5281.4,5505.0,4.06
2026-05-22T14:12:33-03:00,CFI,Production,Home,Primer ingreso al menú Home,V1.12.4,13560.2,54632.3,75.18
2026-05-22T14:12:33-03:00,CFI,Production,Home,Primer ingreso al portfolio CFI desde el Home,V1.12.4,13537.4,34669.6,60.95
2026-05-22T14:12:33-03:00,CFI,Production,Home,Primer ingreso al portfolio FFI desde el Home,V1.12.4,12401.4,23169.7,46.48
2026-05-22T14:12:33-03:00,CFI,Production,Home,Primer ingreso al portfolio FPC desde el Home,V1.12.4,9899.4,22595.1,56.19
2026-05-22T14:12:33-03:00,CFI,Production,Home,Primer ingreso al portfolio Fondo de Obra Social desde el Home,V1.12.4,10531.2,48094.6,78.1
2026-05-22T14:12:33-03:00,CFI,Production,Home,Segundo ingreso al menú Home,V1.12.4,7284.2,19222.1,62.11
2026-05-22T14:12:33-03:00,CFI,Production,Home,Segundo ingreso al portfolio CFI desde el Home,V1.12.4,12566.6,19710.4,36.24
2026-05-22T14:12:33-03:00,CFI,Production,Home,Segundo ingreso al portfolio FFI desde el Home,V1.12.4,11390.8,20721.0,45.03
2026-05-22T14:12:33-03:00,CFI,Production,Home,Segundo ingreso al portfolio FPC desde el Home,V1.12.4,10035.0,18439.1,45.58
2026-05-22T14:12:33-03:00,CFI,Production,Home,Segundo ingreso al portfolio Fondo de Obra Social desde el Home,V1.12.4,11212.6,24119.3,53.51
2026-05-22T14:12:33-03:00,CFI,Production,Login,Ingreso al admin de MPC y setup de portfolios,V1.12.4,21931.6,19528.2,-12.31
2026-05-22T14:12:33-03:00,CFI,Production,Mi dinero,Primer ingreso al menú Mi dinero,V1.12.4,213214.8,216753.8,1.63
2026-05-22T14:12:33-03:00,CFI,Production,Mi dinero,Segundo ingreso al menú Mi dinero,V1.12.4,196781.2,146219.4,-34.58
2026-05-22T14:12:33-03:00,CFI,Production,Mis depositarios,Agrupar por especie todas las cuentas disponibles,V1.12.4,1369.0,1270.0,-7.8
2026-05-22T14:12:33-03:00,CFI,Production,Mis depositarios,Deseleccionar la cuenta Banco Nación (Banco Nación FPC),V1.12.4,1514.8,1035.8,-46.24
2026-05-22T14:12:33-03:00,CFI,Production,Mis depositarios,Deseleccionar la cuenta ICBC (CFI),V1.12.4,2100.0,1545.0,-35.92
2026-05-22T14:12:33-03:00,CFI,Production,Mis depositarios,Deseleccionar la cuenta ICBC (FFI),V1.12.4,1436.4,1395.8,-2.91
2026-05-22T14:12:33-03:00,CFI,Production,Mis depositarios,Deseleccionar la cuenta ICBC (ICBC - FONDO DE GARANTÍA),V1.12.4,1340.4,1113.0,-20.43
2026-05-22T14:12:33-03:00,CFI,Production,Mis depositarios,Deseleccionar la cuenta Nación Bursátil (NB (Fondo Obra Social)),V1.12.4,897.0,876.4,-2.35
2026-05-22T14:12:33-03:00,CFI,Production,Mis depositarios,Deseleccionar todas las cuentas del depositario Banco Nación,V1.12.4,1036.8,872.6,-18.82
2026-05-22T14:12:33-03:00,CFI,Production,Mis depositarios,Deseleccionar todas las cuentas del depositario ICBC,V1.12.4,1301.4,957.8,-35.87
2026-05-22T14:12:33-03:00,CFI,Production,Mis depositarios,Deseleccionar todas las cuentas del depositario Nación Bursátil,V1.12.4,1353.6,929.4,-45.64
2026-05-22T14:12:33-03:00,CFI,Production,Mis depositarios,Deseleccionar todas las cuentas disponibles,V1.12.4,1111.2,982.2,-13.13
2026-05-22T14:12:33-03:00,CFI,Production,Mis depositarios,Primer ingreso al menú Mis depositarios,V1.12.4,4359.2,4002.4,-8.91
2026-05-22T14:12:33-03:00,CFI,Production,Mis depositarios,Seleccionar la cuenta Banco Nación (Banco Nación FPC),V1.12.4,2202.4,1761.4,-25.04
2026-05-22T14:12:33-03:00,CFI,Production,Mis depositarios,Seleccionar la cuenta ICBC (CFI),V1.12.4,1626.4,1735.4,6.28
2026-05-22T14:12:33-03:00,CFI,Production,Mis depositarios,Seleccionar la cuenta ICBC (FFI),V1.12.4,1692.4,1683.2,-0.55
2026-05-22T14:12:33-03:00,CFI,Production,Mis depositarios,Seleccionar la cuenta ICBC (ICBC - FONDO DE GARANTÍA),V1.12.4,2475.4,1744.2,-41.92
2026-05-22T14:12:33-03:00,CFI,Production,Mis depositarios,Seleccionar la cuenta Nación Bursátil (NB (Fondo Obra Social)),V1.12.4,2314.8,1859.8,-24.46
2026-05-22T14:12:33-03:00,CFI,Production,Mis depositarios,Seleccionar todas las cuentas del depositario Banco Nación,V1.12.4,1446.8,1049.6,-37.84
2026-05-22T14:12:33-03:00,CFI,Production,Mis depositarios,Seleccionar todas las cuentas del depositario ICBC,V1.12.4,1839.2,1595.4,-15.28
2026-05-22T14:12:33-03:00,CFI,Production,Mis depositarios,Seleccionar todas las cuentas del depositario Nación Bursátil,V1.12.4,1435.6,1098.8,-30.65
2026-05-22T14:12:33-03:00,CFI,Production,Mis depositarios,Seleccionar todas las cuentas disponibles,V1.12.4,2058.8,1763.0,-16.78
2026-05-22T14:12:33-03:00,CFI,Production,Mis operaciones,Primer ingreso al depositario CFI,V1.12.4,5489.0,4901.5,-11.99
2026-05-22T14:12:33-03:00,CFI,Production,Mis operaciones,Primer ingreso al menú Mis operaciones,V1.12.4,5180.6,4588.5,-12.9
2026-05-22T14:12:33-03:00,CFI,Production,Mis operaciones,Primer ingreso: Depositario CFI filtro de 1 mes de operaciones,V1.12.4,3220.4,2286.9,-40.82
2026-05-22T14:12:33-03:00,CFI,Production,Mis operaciones,Primer ingreso: Depositario CFI filtro de 3 meses de operaciones,V1.12.4,5088.2,5017.9,-1.4
2026-05-22T14:12:33-03:00,CFI,Production,Mis operaciones,Primer ingreso: Filtro de 1 mes de operaciones,V1.12.4,5062.8,3567.9,-41.9
2026-05-22T14:12:33-03:00,CFI,Production,Mis operaciones,Primer ingreso: Filtro de 3 meses de operaciones,V1.12.4,25460.4,14003.1,-81.82
2026-05-22T14:12:33-03:00,CFI,Production,Mis operaciones,Segundo ingreso al depositario CFI,V1.12.4,5191.4,5047.6,-2.85
2026-05-22T14:12:33-03:00,CFI,Production,Mis operaciones,Segundo ingreso al menú Mis operaciones,V1.12.4,4625.0,3774.2,-22.54
2026-05-22T14:12:33-03:00,CFI,Production,Mis operaciones,Segundo ingreso: Depositario CFI filtro de 1 mes de operaciones,V1.12.4,2953.8,2453.0,-20.42
2026-05-22T14:12:33-03:00,CFI,Production,Mis operaciones,Segundo ingreso: Depositario CFI filtro de 3 meses de operaciones,V1.12.4,5216.8,5327.0,2.07
2026-05-22T14:12:33-03:00,CFI,Production,Mis operaciones,Segundo ingreso: Filtro de 1 mes de operaciones,V1.12.4,5150.0,3774.2,-36.45
2026-05-22T14:12:33-03:00,CFI,Production,Mis operaciones,Segundo ingreso: Filtro de 3 meses de operaciones,V1.12.4,25293.0,13529.5,-86.95
2026-05-22T14:12:33-03:00,CFI,Production,Mis portfolios,Primer ingreso al menú Mis portfolios,V1.12.4,6327.4,6040.7,-4.75
2026-05-22T14:12:33-03:00,CFI,Production,Mis portfolios,Primer ingreso al portfolio CFI desde Mis portfolios,V1.12.4,8398.6,7856.7,-6.9
2026-05-22T14:12:33-03:00,CFI,Production,Mis portfolios,Primer ingreso al portfolio FFI desde Mis portfolios,V1.12.4,7433.0,7598.3,2.18
2026-05-22T14:12:33-03:00,CFI,Production,Mis portfolios,Primer ingreso al portfolio FPC desde Mis portfolios,V1.12.4,5425.6,5464.6,0.71
2026-05-22T14:12:33-03:00,CFI,Production,Mis portfolios,Primer ingreso al portfolio Fondo de Obra Social desde Mis portfolios,V1.12.4,5477.2,18029.1,69.62
2026-05-22T14:12:33-03:00,CFI,Production,Mis portfolios,Segundo ingreso al menú Mis portfolios,V1.12.4,3190.0,3327.4,4.13
2026-05-22T14:12:33-03:00,CFI,Production,Mis portfolios,Segundo ingreso al portfolio CFI desde Mis portfolios,V1.12.4,8239.0,12326.0,33.16
2026-05-22T14:12:33-03:00,CFI,Production,Mis portfolios,Segundo ingreso al portfolio FFI desde Mis portfolios,V1.12.4,8311.2,14589.5,43.03
2026-05-22T14:12:33-03:00,CFI,Production,Mis portfolios,Segundo ingreso al portfolio FPC desde Mis portfolios,V1.12.4,6041.0,5713.2,-5.74
2026-05-22T14:12:33-03:00,CFI,Production,Mis portfolios,Segundo ingreso al portfolio Fondo de Obra Social desde Mis portfolios,V1.12.4,6768.0,6731.0,-0.55
2026-05-22T14:12:33-03:00,CFI,Production,Rendimiento,Cambio de método de rentabilidad a TWR,V1.12.4,7559.6,8232.0,8.17
2026-05-22T14:12:33-03:00,CFI,Production,Rendimiento,Portfolio CFI: Primer ingreso a la carta de rendimiento Desde el inicio con método MWR,V1.12.4,5580.8,5663.6,1.46
2026-05-22T14:12:33-03:00,CFI,Production,Rendimiento,Portfolio CFI: Primer ingreso a la carta de rendimiento Desde el inicio con método TWR,V1.12.4,5380.8,5659.5,4.92
2026-05-22T14:12:33-03:00,CFI,Production,Rendimiento,Portfolio CFI: Primer ingreso a la carta de rendimiento Desde principio de año con método MWR,V1.12.4,943.4,839.0,-12.44
2026-05-22T14:12:33-03:00,CFI,Production,Rendimiento,Portfolio CFI: Primer ingreso a la carta de rendimiento Desde principio de año con método TWR,V1.12.4,1003.0,864.0,-16.09
2026-05-22T14:12:33-03:00,CFI,Production,Rendimiento,Portfolio CFI: Primer ingreso a la carta de rendimiento Desde principio de mes con método MWR,V1.12.4,697.6,578.9,-20.5
2026-05-22T14:12:33-03:00,CFI,Production,Rendimiento,Portfolio CFI: Primer ingreso a la carta de rendimiento Desde principio de mes con método TWR,V1.12.4,514.2,607.0,15.29
2026-05-22T14:12:33-03:00,CFI,Production,Rendimiento,Portfolio CFI: Primer ingreso a la carta de rendimiento Última semana con método MWR,V1.12.4,511.4,560.6,8.78
2026-05-22T14:12:33-03:00,CFI,Production,Rendimiento,Portfolio CFI: Primer ingreso a la carta de rendimiento Última semana con método TWR,V1.12.4,761.8,528.5,-44.14
2026-05-22T14:12:33-03:00,CFI,Production,Rendimiento,Portfolio CFI: Primer ingreso a la carta de rendimiento Último año con método MWR,V1.12.4,2012.6,2205.0,8.73
2026-05-22T14:12:33-03:00,CFI,Production,Rendimiento,Portfolio CFI: Primer ingreso a la carta de rendimiento Último año con método TWR,V1.12.4,2160.8,2168.5,0.36
2026-05-22T14:12:33-03:00,CFI,Production,Rendimiento,Portfolio CFI: Primer ingreso a la carta de rendimiento Último mes con método MWR,V1.12.4,956.0,634.9,-50.57
2026-05-22T14:12:33-03:00,CFI,Production,Rendimiento,Portfolio CFI: Primer ingreso a la carta de rendimiento Último mes con método TWR,V1.12.4,602.2,668.0,9.85
2026-05-22T14:12:33-03:00,CFI,Production,Rendimiento,Portfolio CFI: Primer ingreso a la carta de rendimiento Últimos 3 meses con método MWR,V1.12.4,806.0,841.7,4.24
2026-05-22T14:12:33-03:00,CFI,Production,Rendimiento,Portfolio CFI: Primer ingreso a la carta de rendimiento Últimos 3 meses con método TWR,V1.12.4,811.6,860.4,5.67
2026-05-22T14:12:33-03:00,CFI,Production,Rendimiento,Portfolio CFI: Segundo ingreso a la carta de rendimiento Desde el inicio con método MWR,V1.12.4,5366.6,5425.8,1.09
2026-05-22T14:12:33-03:00,CFI,Production,Rendimiento,Portfolio CFI: Segundo ingreso a la carta de rendimiento Desde el inicio con método TWR,V1.12.4,5697.6,5439.5,-4.74
2026-05-22T14:12:33-03:00,CFI,Production,Rendimiento,Portfolio CFI: Segundo ingreso a la carta de rendimiento Desde principio de año con método MWR,V1.12.4,1077.0,857.9,-25.54
2026-05-22T14:12:33-03:00,CFI,Production,Rendimiento,Portfolio CFI: Segundo ingreso a la carta de rendimiento Desde principio de año con método TWR,V1.12.4,995.2,852.8,-16.7
2026-05-22T14:12:33-03:00,CFI,Production,Rendimiento,Portfolio CFI: Segundo ingreso a la carta de rendimiento Desde principio de mes con método MWR,V1.12.4,600.8,753.0,20.21
2026-05-22T14:12:33-03:00,CFI,Production,Rendimiento,Portfolio CFI: Segundo ingreso a la carta de rendimiento Desde principio de mes con método TWR,V1.12.4,631.8,618.0,-2.23
2026-05-22T14:12:33-03:00,CFI,Production,Rendimiento,Portfolio CFI: Segundo ingreso a la carta de rendimiento Última semana con método MWR,V1.12.4,538.6,619.6,13.07
2026-05-22T14:12:33-03:00,CFI,Production,Rendimiento,Portfolio CFI: Segundo ingreso a la carta de rendimiento Última semana con método TWR,V1.12.4,597.6,601.3,0.62
2026-05-22T14:12:33-03:00,CFI,Production,Rendimiento,Portfolio CFI: Segundo ingreso a la carta de rendimiento Último año con método MWR,V1.12.4,2026.2,2161.8,6.27
2026-05-22T14:12:33-03:00,CFI,Production,Rendimiento,Portfolio CFI: Segundo ingreso a la carta de rendimiento Último año con método TWR,V1.12.4,1875.8,2218.8,15.46
2026-05-22T14:12:33-03:00,CFI,Production,Rendimiento,Portfolio CFI: Segundo ingreso a la carta de rendimiento Último mes con método MWR,V1.12.4,607.2,699.7,13.22
2026-05-22T14:12:33-03:00,CFI,Production,Rendimiento,Portfolio CFI: Segundo ingreso a la carta de rendimiento Último mes con método TWR,V1.12.4,652.8,640.0,-2.0
2026-05-22T14:12:33-03:00,CFI,Production,Rendimiento,Portfolio CFI: Segundo ingreso a la carta de rendimiento Últimos 3 meses con método MWR,V1.12.4,782.2,925.0,15.44
2026-05-22T14:12:33-03:00,CFI,Production,Rendimiento,Portfolio CFI: Segundo ingreso a la carta de rendimiento Últimos 3 meses con método TWR,V1.12.4,831.6,922.9,9.89
2026-05-22T14:12:33-03:00,CFI,Production,Rendimiento,Portfolio FFI: Primer ingreso a la carta de rendimiento Desde el inicio con método MWR,V1.12.4,5460.0,5493.0,0.6
2026-05-22T14:12:33-03:00,CFI,Production,Rendimiento,Portfolio FFI: Primer ingreso a la carta de rendimiento Desde el inicio con método TWR,V1.12.4,5670.4,5107.1,-11.03
2026-05-22T14:12:33-03:00,CFI,Production,Rendimiento,Portfolio FFI: Primer ingreso a la carta de rendimiento Desde principio de año con método MWR,V1.12.4,951.4,820.6,-15.94
2026-05-22T14:12:33-03:00,CFI,Production,Rendimiento,Portfolio FFI: Primer ingreso a la carta de rendimiento Desde principio de año con método TWR,V1.12.4,908.8,799.9,-13.61
2026-05-22T14:12:33-03:00,CFI,Production,Rendimiento,Portfolio FFI: Primer ingreso a la carta de rendimiento Desde principio de mes con método MWR,V1.12.4,513.6,588.4,12.71
2026-05-22T14:12:33-03:00,CFI,Production,Rendimiento,Portfolio FFI: Primer ingreso a la carta de rendimiento Desde principio de mes con método TWR,V1.12.4,888.8,583.4,-52.35
2026-05-22T14:12:33-03:00,CFI,Production,Rendimiento,Portfolio FFI: Primer ingreso a la carta de rendimiento Última semana con método MWR,V1.12.4,483.2,526.6,8.24
2026-05-22T14:12:33-03:00,CFI,Production,Rendimiento,Portfolio FFI: Primer ingreso a la carta de rendimiento Última semana con método TWR,V1.12.4,499.8,553.8,9.75
2026-05-22T14:12:33-03:00,CFI,Production,Rendimiento,Portfolio FFI: Primer ingreso a la carta de rendimiento Último año con método MWR,V1.12.4,1985.0,2259.0,12.13
2026-05-22T14:12:33-03:00,CFI,Production,Rendimiento,Portfolio FFI: Primer ingreso a la carta de rendimiento Último año con método TWR,V1.12.4,2470.6,2252.3,-9.69
2026-05-22T14:12:33-03:00,CFI,Production,Rendimiento,Portfolio FFI: Primer ingreso a la carta de rendimiento Último mes con método MWR,V1.12.4,667.6,624.5,-6.9
2026-05-22T14:12:33-03:00,CFI,Production,Rendimiento,Portfolio FFI: Primer ingreso a la carta de rendimiento Último mes con método TWR,V1.12.4,585.8,633.7,7.56
2026-05-22T14:12:33-03:00,CFI,Production,Rendimiento,Portfolio FFI: Primer ingreso a la carta de rendimiento Últimos 3 meses con método MWR,V1.12.4,800.8,875.8,8.56
2026-05-22T14:12:33-03:00,CFI,Production,Rendimiento,Portfolio FFI: Primer ingreso a la carta de rendimiento Últimos 3 meses con método TWR,V1.12.4,787.8,866.8,9.11
2026-05-22T14:12:33-03:00,CFI,Production,Rendimiento,Portfolio FFI: Segundo ingreso a la carta de rendimiento Desde el inicio con método MWR,V1.12.4,5323.8,5435.1,2.05
2026-05-22T14:12:33-03:00,CFI,Production,Rendimiento,Portfolio FFI: Segundo ingreso a la carta de rendimiento Desde el inicio con método TWR,V1.12.4,5315.8,5319.8,0.08
2026-05-22T14:12:33-03:00,CFI,Production,Rendimiento,Portfolio FFI: Segundo ingreso a la carta de rendimiento Desde principio de año con método MWR,V1.12.4,1043.6,925.9,-12.71
2026-05-22T14:12:33-03:00,CFI,Production,Rendimiento,Portfolio FFI: Segundo ingreso a la carta de rendimiento Desde principio de año con método TWR,V1.12.4,1105.6,927.8,-19.16
2026-05-22T14:12:33-03:00,CFI,Production,Rendimiento,Portfolio FFI: Segundo ingreso a la carta de rendimiento Desde principio de mes con método MWR,V1.12.4,608.8,637.5,4.5
2026-05-22T14:12:33-03:00,CFI,Production,Rendimiento,Portfolio FFI: Segundo ingreso a la carta de rendimiento Desde principio de mes con método TWR,V1.12.4,525.6,732.9,28.28
2026-05-22T14:12:33-03:00,CFI,Production,Rendimiento,Portfolio FFI: Segundo ingreso a la carta de rendimiento Última semana con método MWR,V1.12.4,621.8,691.5,10.08
2026-05-22T14:12:33-03:00,CFI,Production,Rendimiento,Portfolio FFI: Segundo ingreso a la carta de rendimiento Última semana con método TWR,V1.12.4,522.2,597.8,12.65
2026-05-22T14:12:33-03:00,CFI,Production,Rendimiento,Portfolio FFI: Segundo ingreso a la carta de rendimiento Último año con método MWR,V1.12.4,2317.6,2159.3,-7.33
2026-05-22T14:12:33-03:00,CFI,Production,Rendimiento,Portfolio FFI: Segundo ingreso a la carta de rendimiento Último año con método TWR,V1.12.4,1860.8,2274.5,18.19
2026-05-22T14:12:33-03:00,CFI,Production,Rendimiento,Portfolio FFI: Segundo ingreso a la carta de rendimiento Último mes con método MWR,V1.12.4,626.6,678.0,7.58
2026-05-22T14:12:33-03:00,CFI,Production,Rendimiento,Portfolio FFI: Segundo ingreso a la carta de rendimiento Último mes con método TWR,V1.12.4,664.8,710.1,6.38
2026-05-22T14:12:33-03:00,CFI,Production,Rendimiento,Portfolio FFI: Segundo ingreso a la carta de rendimiento Últimos 3 meses con método MWR,V1.12.4,926.4,931.9,0.59
2026-05-22T14:12:33-03:00,CFI,Production,Rendimiento,Portfolio FFI: Segundo ingreso a la carta de rendimiento Últimos 3 meses con método TWR,V1.12.4,841.2,915.0,8.07
2026-05-22T14:12:33-03:00,CFI,Production,Rendimiento,Portfolio FPC: Primer ingreso a la carta de rendimiento Desde el inicio con método MWR,V1.12.4,5028.8,4756.9,-5.72
2026-05-22T14:12:33-03:00,CFI,Production,Rendimiento,Portfolio FPC: Primer ingreso a la carta de rendimiento Desde el inicio con método TWR,V1.12.4,4413.6,4761.9,7.31
2026-05-22T14:12:33-03:00,CFI,Production,Rendimiento,Portfolio FPC: Primer ingreso a la carta de rendimiento Desde principio de año con método MWR,V1.12.4,1005.4,791.8,-26.98
2026-05-22T14:12:33-03:00,CFI,Production,Rendimiento,Portfolio FPC: Primer ingreso a la carta de rendimiento Desde principio de año con método TWR,V1.12.4,891.0,783.0,-13.79
2026-05-22T14:12:33-03:00,CFI,Production,Rendimiento,Portfolio FPC: Primer ingreso a la carta de rendimiento Desde principio de mes con método MWR,V1.12.4,504.6,593.0,14.91
2026-05-22T14:12:33-03:00,CFI,Production,Rendimiento,Portfolio FPC: Primer ingreso a la carta de rendimiento Desde principio de mes con método TWR,V1.12.4,820.6,627.0,-30.88
2026-05-22T14:12:33-03:00,CFI,Production,Rendimiento,Portfolio FPC: Primer ingreso a la carta de rendimiento Última semana con método MWR,V1.12.4,499.6,571.7,12.61
2026-05-22T14:12:33-03:00,CFI,Production,Rendimiento,Portfolio FPC: Primer ingreso a la carta de rendimiento Última semana con método TWR,V1.12.4,521.4,542.7,3.92
2026-05-22T14:12:33-03:00,CFI,Production,Rendimiento,Portfolio FPC: Primer ingreso a la carta de rendimiento Último año con método MWR,V1.12.4,2035.2,2003.8,-1.57
2026-05-22T14:12:33-03:00,CFI,Production,Rendimiento,Portfolio FPC: Primer ingreso a la carta de rendimiento Último año con método TWR,V1.12.4,2114.2,1902.4,-11.13
2026-05-22T14:12:33-03:00,CFI,Production,Rendimiento,Portfolio FPC: Primer ingreso a la carta de rendimiento Último mes con método MWR,V1.12.4,581.8,662.8,12.22
2026-05-22T14:12:33-03:00,CFI,Production,Rendimiento,Portfolio FPC: Primer ingreso a la carta de rendimiento Último mes con método TWR,V1.12.4,593.6,675.6,12.14
2026-05-22T14:12:33-03:00,CFI,Production,Rendimiento,Portfolio FPC: Primer ingreso a la carta de rendimiento Últimos 3 meses con método MWR,V1.12.4,782.4,821.7,4.78
2026-05-22T14:12:33-03:00,CFI,Production,Rendimiento,Portfolio FPC: Primer ingreso a la carta de rendimiento Últimos 3 meses con método TWR,V1.12.4,745.8,883.2,15.56
2026-05-22T14:12:33-03:00,CFI,Production,Rendimiento,Portfolio FPC: Segundo ingreso a la carta de rendimiento Desde el inicio con método MWR,V1.12.4,5018.8,4738.5,-5.92
2026-05-22T14:12:33-03:00,CFI,Production,Rendimiento,Portfolio FPC: Segundo ingreso a la carta de rendimiento Desde el inicio con método TWR,V1.12.4,4905.0,4972.9,1.37
2026-05-22T14:12:33-03:00,CFI,Production,Rendimiento,Portfolio FPC: Segundo ingreso a la carta de rendimiento Desde principio de año con método MWR,V1.12.4,967.0,830.7,-16.41
2026-05-22T14:12:33-03:00,CFI,Production,Rendimiento,Portfolio FPC: Segundo ingreso a la carta de rendimiento Desde principio de año con método TWR,V1.12.4,887.2,833.7,-6.42
2026-05-22T14:12:33-03:00,CFI,Production,Rendimiento,Portfolio FPC: Segundo ingreso a la carta de rendimiento Desde principio de mes con método MWR,V1.12.4,520.0,781.1,33.43
2026-05-22T14:12:33-03:00,CFI,Production,Rendimiento,Portfolio FPC: Segundo ingreso a la carta de rendimiento Desde principio de mes con método TWR,V1.12.4,529.8,614.6,13.8
2026-05-22T14:12:33-03:00,CFI,Production,Rendimiento,Portfolio FPC: Segundo ingreso a la carta de rendimiento Última semana con método MWR,V1.12.4,540.0,596.3,9.44
2026-05-22T14:12:33-03:00,CFI,Production,Rendimiento,Portfolio FPC: Segundo ingreso a la carta de rendimiento Última semana con método TWR,V1.12.4,513.4,650.7,21.1
2026-05-22T14:12:33-03:00,CFI,Production,Rendimiento,Portfolio FPC: Segundo ingreso a la carta de rendimiento Último año con método MWR,V1.12.4,1664.4,1951.7,14.72
2026-05-22T14:12:33-03:00,CFI,Production,Rendimiento,Portfolio FPC: Segundo ingreso a la carta de rendimiento Último año con método TWR,V1.12.4,1727.0,2087.8,17.28
2026-05-22T14:12:33-03:00,CFI,Production,Rendimiento,Portfolio FPC: Segundo ingreso a la carta de rendimiento Último mes con método MWR,V1.12.4,862.0,636.9,-35.34
2026-05-22T14:12:33-03:00,CFI,Production,Rendimiento,Portfolio FPC: Segundo ingreso a la carta de rendimiento Último mes con método TWR,V1.12.4,603.8,741.1,18.53
2026-05-22T14:12:33-03:00,CFI,Production,Rendimiento,Portfolio FPC: Segundo ingreso a la carta de rendimiento Últimos 3 meses con método MWR,V1.12.4,780.0,864.0,9.72
2026-05-22T14:12:33-03:00,CFI,Production,Rendimiento,Portfolio FPC: Segundo ingreso a la carta de rendimiento Últimos 3 meses con método TWR,V1.12.4,756.6,872.1,13.24
2026-05-22T14:12:33-03:00,CFI,Production,Rendimiento,Portfolio Fondo de Obra Social: Primer ingreso a la carta de rendimiento Desde el inicio con método MWR,V1.12.4,3963.2,3838.1,-3.26
2026-05-22T14:12:33-03:00,CFI,Production,Rendimiento,Portfolio Fondo de Obra Social: Primer ingreso a la carta de rendimiento Desde el inicio con método TWR,V1.12.4,4191.8,3928.4,-6.71
2026-05-22T14:12:33-03:00,CFI,Production,Rendimiento,Portfolio Fondo de Obra Social: Primer ingreso a la carta de rendimiento Desde principio de año con método MWR,V1.12.4,977.0,896.7,-8.96
2026-05-22T14:12:33-03:00,CFI,Production,Rendimiento,Portfolio Fondo de Obra Social: Primer ingreso a la carta de rendimiento Desde principio de año con método TWR,V1.12.4,1493.8,964.3,-54.91
2026-05-22T14:12:33-03:00,CFI,Production,Rendimiento,Portfolio Fondo de Obra Social: Primer ingreso a la carta de rendimiento Desde principio de mes con método MWR,V1.12.4,526.2,574.7,8.44
2026-05-22T14:12:33-03:00,CFI,Production,Rendimiento,Portfolio Fondo de Obra Social: Primer ingreso a la carta de rendimiento Desde principio de mes con método TWR,V1.12.4,544.0,632.3,13.96
2026-05-22T14:12:33-03:00,CFI,Production,Rendimiento,Portfolio Fondo de Obra Social: Primer ingreso a la carta de rendimiento Última semana con método MWR,V1.12.4,485.4,544.5,10.85
2026-05-22T14:12:33-03:00,CFI,Production,Rendimiento,Portfolio Fondo de Obra Social: Primer ingreso a la carta de rendimiento Última semana con método TWR,V1.12.4,555.0,554.5,-0.09
2026-05-22T14:12:33-03:00,CFI,Production,Rendimiento,Portfolio Fondo de Obra Social: Primer ingreso a la carta de rendimiento Último año con método MWR,V1.12.4,2360.2,1938.7,-21.74
2026-05-22T14:12:33-03:00,CFI,Production,Rendimiento,Portfolio Fondo de Obra Social: Primer ingreso a la carta de rendimiento Último año con método TWR,V1.12.4,2053.0,1953.6,-5.09
2026-05-22T14:12:33-03:00,CFI,Production,Rendimiento,Portfolio Fondo de Obra Social: Primer ingreso a la carta de rendimiento Último mes con método MWR,V1.12.4,603.0,635.9,5.17
2026-05-22T14:12:33-03:00,CFI,Production,Rendimiento,Portfolio Fondo de Obra Social: Primer ingreso a la carta de rendimiento Último mes con método TWR,V1.12.4,711.4,657.4,-8.21
2026-05-22T14:12:33-03:00,CFI,Production,Rendimiento,Portfolio Fondo de Obra Social: Primer ingreso a la carta de rendimiento Últimos 3 meses con método MWR,V1.12.4,780.0,986.6,20.94
2026-05-22T14:12:33-03:00,CFI,Production,Rendimiento,Portfolio Fondo de Obra Social: Primer ingreso a la carta de rendimiento Últimos 3 meses con método TWR,V1.12.4,799.8,861.9,7.21
2026-05-22T14:12:33-03:00,CFI,Production,Rendimiento,Portfolio Fondo de Obra Social: Segundo ingreso a la carta de rendimiento Desde el inicio con método MWR,V1.12.4,3772.2,3946.5,4.42
2026-05-22T14:12:33-03:00,CFI,Production,Rendimiento,Portfolio Fondo de Obra Social: Segundo ingreso a la carta de rendimiento Desde el inicio con método TWR,V1.12.4,4238.0,3845.8,-10.2
2026-05-22T14:12:33-03:00,CFI,Production,Rendimiento,Portfolio Fondo de Obra Social: Segundo ingreso a la carta de rendimiento Desde principio de año con método MWR,V1.12.4,947.8,970.1,2.3
2026-05-22T14:12:33-03:00,CFI,Production,Rendimiento,Portfolio Fondo de Obra Social: Segundo ingreso a la carta de rendimiento Desde principio de año con método TWR,V1.12.4,1370.0,894.7,-53.12
2026-05-22T14:12:33-03:00,CFI,Production,Rendimiento,Portfolio Fondo de Obra Social: Segundo ingreso a la carta de rendimiento Desde principio de mes con método MWR,V1.12.4,507.8,640.6,20.73
2026-05-22T14:12:33-03:00,CFI,Production,Rendimiento,Portfolio Fondo de Obra Social: Segundo ingreso a la carta de rendimiento Desde principio de mes con método TWR,V1.12.4,597.8,629.4,5.02
2026-05-22T14:12:33-03:00,CFI,Production,Rendimiento,Portfolio Fondo de Obra Social: Segundo ingreso a la carta de rendimiento Última semana con método MWR,V1.12.4,701.2,572.7,-22.44
2026-05-22T14:12:33-03:00,CFI,Production,Rendimiento,Portfolio Fondo de Obra Social: Segundo ingreso a la carta de rendimiento Última semana con método TWR,V1.12.4,560.8,561.7,0.16
2026-05-22T14:12:33-03:00,CFI,Production,Rendimiento,Portfolio Fondo de Obra Social: Segundo ingreso a la carta de rendimiento Último año con método MWR,V1.12.4,2400.6,2014.5,-19.17
2026-05-22T14:12:33-03:00,CFI,Production,Rendimiento,Portfolio Fondo de Obra Social: Segundo ingreso a la carta de rendimiento Último año con método TWR,V1.12.4,2207.2,2209.5,0.1
2026-05-22T14:12:33-03:00,CFI,Production,Rendimiento,Portfolio Fondo de Obra Social: Segundo ingreso a la carta de rendimiento Último mes con método MWR,V1.12.4,616.2,695.9,11.45
2026-05-22T14:12:33-03:00,CFI,Production,Rendimiento,Portfolio Fondo de Obra Social: Segundo ingreso a la carta de rendimiento Último mes con método TWR,V1.12.4,632.2,686.9,7.96
2026-05-22T14:12:33-03:00,CFI,Production,Rendimiento,Portfolio Fondo de Obra Social: Segundo ingreso a la carta de rendimiento Últimos 3 meses con método MWR,V1.12.4,805.0,1058.3,23.93
2026-05-22T14:12:33-03:00,CFI,Production,Rendimiento,Portfolio Fondo de Obra Social: Segundo ingreso a la carta de rendimiento Últimos 3 meses con método TWR,V1.12.4,822.6,875.8,6.07
2026-05-22T14:12:33-03:00,CFI,Production,Rendimiento,Portfolio Total: Primer ingreso a la carta de rendimiento Desde el inicio con método MWR,V1.12.4,8886.0,8155.6,-8.96
2026-05-22T14:12:33-03:00,CFI,Production,Rendimiento,Portfolio Total: Primer ingreso a la carta de rendimiento Desde el inicio con método TWR,V1.12.4,8004.6,8042.3,0.47
2026-05-22T14:12:33-03:00,CFI,Production,Rendimiento,Portfolio Total: Primer ingreso a la carta de rendimiento Desde principio de año con método MWR,V1.12.4,1406.4,1305.2,-7.75
2026-05-22T14:12:33-03:00,CFI,Production,Rendimiento,Portfolio Total: Primer ingreso a la carta de rendimiento Desde principio de año con método TWR,V1.12.4,1467.4,1212.6,-21.01
2026-05-22T14:12:33-03:00,CFI,Production,Rendimiento,Portfolio Total: Primer ingreso a la carta de rendimiento Desde principio de mes con método MWR,V1.12.4,828.8,834.2,0.65
2026-05-22T14:12:33-03:00,CFI,Production,Rendimiento,Portfolio Total: Primer ingreso a la carta de rendimiento Desde principio de mes con método TWR,V1.12.4,604.2,901.3,32.96
2026-05-22T14:12:33-03:00,CFI,Production,Rendimiento,Portfolio Total: Primer ingreso a la carta de rendimiento Última semana con método MWR,V1.12.4,608.8,696.9,12.64
2026-05-22T14:12:33-03:00,CFI,Production,Rendimiento,Portfolio Total: Primer ingreso a la carta de rendimiento Última semana con método TWR,V1.12.4,631.4,699.0,9.67
2026-05-22T14:12:33-03:00,CFI,Production,Rendimiento,Portfolio Total: Primer ingreso a la carta de rendimiento Último año con método MWR,V1.12.4,2918.0,3289.8,11.3
2026-05-22T14:12:33-03:00,CFI,Production,Rendimiento,Portfolio Total: Primer ingreso a la carta de rendimiento Último año con método TWR,V1.12.4,2973.2,3097.6,4.02
2026-05-22T14:12:33-03:00,CFI,Production,Rendimiento,Portfolio Total: Primer ingreso a la carta de rendimiento Último mes con método MWR,V1.12.4,967.4,981.1,1.4
2026-05-22T14:12:33-03:00,CFI,Production,Rendimiento,Portfolio Total: Primer ingreso a la carta de rendimiento Último mes con método TWR,V1.12.4,850.8,1031.7,17.53
2026-05-22T14:12:33-03:00,CFI,Production,Rendimiento,Portfolio Total: Primer ingreso a la carta de rendimiento Últimos 3 meses con método MWR,V1.12.4,1638.6,1231.4,-33.07
2026-05-22T14:12:33-03:00,CFI,Production,Rendimiento,Portfolio Total: Primer ingreso a la carta de rendimiento Últimos 3 meses con método TWR,V1.12.4,1163.8,1168.3,0.39
2026-05-22T14:12:33-03:00,CFI,Production,Rendimiento,Portfolio Total: Segundo ingreso a la carta de rendimiento Desde el inicio con método MWR,V1.12.4,7649.8,7820.9,2.19
2026-05-22T14:12:33-03:00,CFI,Production,Rendimiento,Portfolio Total: Segundo ingreso a la carta de rendimiento Desde el inicio con método TWR,V1.12.4,7418.8,7775.9,4.59
2026-05-22T14:12:33-03:00,CFI,Production,Rendimiento,Portfolio Total: Segundo ingreso a la carta de rendimiento Desde principio de año con método MWR,V1.12.4,1757.0,1312.8,-33.84
2026-05-22T14:12:33-03:00,CFI,Production,Rendimiento,Portfolio Total: Segundo ingreso a la carta de rendimiento Desde principio de año con método TWR,V1.12.4,2198.8,1243.9,-76.77
2026-05-22T14:12:33-03:00,CFI,Production,Rendimiento,Portfolio Total: Segundo ingreso a la carta de rendimiento Desde principio de mes con método MWR,V1.12.4,815.6,1012.5,19.45
2026-05-22T14:12:33-03:00,CFI,Production,Rendimiento,Portfolio Total: Segundo ingreso a la carta de rendimiento Desde principio de mes con método TWR,V1.12.4,702.0,934.8,24.9
2026-05-22T14:12:33-03:00,CFI,Production,Rendimiento,Portfolio Total: Segundo ingreso a la carta de rendimiento Última semana con método MWR,V1.12.4,756.8,870.2,13.03
2026-05-22T14:12:33-03:00,CFI,Production,Rendimiento,Portfolio Total: Segundo ingreso a la carta de rendimiento Última semana con método TWR,V1.12.4,696.0,842.4,17.38
2026-05-22T14:12:33-03:00,CFI,Production,Rendimiento,Portfolio Total: Segundo ingreso a la carta de rendimiento Último año con método MWR,V1.12.4,3017.8,3075.8,1.89
2026-05-22T14:12:33-03:00,CFI,Production,Rendimiento,Portfolio Total: Segundo ingreso a la carta de rendimiento Último año con método TWR,V1.12.4,2837.4,3382.1,16.11
2026-05-22T14:12:33-03:00,CFI,Production,Rendimiento,Portfolio Total: Segundo ingreso a la carta de rendimiento Último mes con método MWR,V1.12.4,1052.6,963.4,-9.26
2026-05-22T14:12:33-03:00,CFI,Production,Rendimiento,Portfolio Total: Segundo ingreso a la carta de rendimiento Último mes con método TWR,V1.12.4,1109.0,996.4,-11.3
2026-05-22T14:12:33-03:00,CFI,Production,Rendimiento,Portfolio Total: Segundo ingreso a la carta de rendimiento Últimos 3 meses con método MWR,V1.12.4,1254.2,1319.1,4.92
2026-05-22T14:12:33-03:00,CFI,Production,Rendimiento,Portfolio Total: Segundo ingreso a la carta de rendimiento Últimos 3 meses con método TWR,V1.12.4,1522.2,1206.7,-26.15
2026-05-22T14:12:33-03:00,CFI,Production,Rendimiento,Primer ingreso al menú Rendimiento,V1.12.4,3338.8,3578.5,6.7
2026-05-22T14:12:33-03:00,CFI,Production,Rendimiento,Primer ingreso al portfolio CFI,V1.12.4,3717.8,4110.2,9.55
2026-05-22T14:12:33-03:00,CFI,Production,Rendimiento,Primer ingreso al portfolio FFI,V1.12.4,3038.6,3319.7,8.47
2026-05-22T14:12:33-03:00,CFI,Production,Rendimiento,Primer ingreso al portfolio FPC,V1.12.4,1543.0,2110.8,26.9
2026-05-22T14:12:33-03:00,CFI,Production,Rendimiento,Primer ingreso al portfolio Fondo de Obra Social,V1.12.4,2211.0,1983.9,-11.45
2026-05-22T14:12:33-03:00,CFI,Production,Rendimiento,Primer ingreso al portfolio Total,V1.12.4,11389.2,10409.6,-9.41
2026-05-22T14:12:33-03:00,CFI,Production,Rendimiento,Segundo ingreso al portfolio CFI,V1.12.4,1585.2,1466.7,-8.08
2026-05-22T14:12:33-03:00,CFI,Production,Rendimiento,Segundo ingreso al portfolio FFI,V1.12.4,1193.2,1369.5,12.87
2026-05-22T14:12:33-03:00,CFI,Production,Rendimiento,Segundo ingreso al portfolio FPC,V1.12.4,1119.8,1250.8,10.47
2026-05-22T14:12:33-03:00,CFI,Production,Rendimiento,Segundo ingreso al portfolio Fondo de Obra Social,V1.12.4,1163.2,1333.4,12.76
2026-05-22T14:12:33-03:00,CFI,Production,Rendimiento,Segundo ingreso al portfolio Total,V1.12.4,2234.8,1579.2,-41.51
