Timestamp,Cliente,Ambiente,Sección,Descripción,Versión,P95 (ms) de la última muestra,P95 (ms) histórico,Porcentaje de mejora/empeora
2025-09-17T17:36:17-03:00,Avalian,Production,Agenda,Primer ingreso al menú Agenda,1.10.1,3134.0,3116.0,-0.58
2025-09-17T17:36:17-03:00,Avalian,Production,Agenda,Primer ingreso: Filtro de todos los estados y conceptos con fecha actual,1.10.1,29762.0,36394.9,18.22
2025-09-17T17:36:17-03:00,Avalian,Production,Agenda,"Primer ingreso: Filtro de todos los estados, con concepto: Cancelación anticipada",1.10.1,604.0,636.3,5.08
2025-09-17T17:36:17-03:00,Avalian,Production,Agenda,"Primer ingreso: Filtro de todos los estados, con concepto: Cobro de cupón",1.10.1,27952.0,29716.15,5.94
2025-09-17T17:36:17-03:00,Avalian,Production,Agenda,"Primer ingreso: Filtro de todos los estados, con concepto: Cobro de dividendo",1.10.1,574.0,576.85,0.49
2025-09-17T17:36:17-03:00,Avalian,Production,Agenda,"Primer ingreso: Filtro de todos los estados, con concepto: Vencimiento",1.10.1,1244.0,1237.8,-0.5
2025-09-17T17:36:17-03:00,Avalian,Production,Agenda,"Primer ingreso: Filtro de todos los estados, con concepto: Venta",1.10.1,624.0,618.4,-0.91
2025-09-17T17:36:17-03:00,Avalian,Production,Agenda,Segundo ingreso al menú Agenda,1.10.1,3564.0,3515.85,-1.37
2025-09-17T17:36:17-03:00,Avalian,Production,Agenda,Segundo ingreso: Filtro de todos los estados y conceptos con fecha actual,1.10.1,31312.0,31091.7,-0.71
2025-09-17T17:36:17-03:00,Avalian,Production,Agenda,"Segundo ingreso: Filtro de todos los estados, con concepto: Cancelación anticipada",1.10.1,593.0,637.65,7.0
2025-09-17T17:36:17-03:00,Avalian,Production,Agenda,"Segundo ingreso: Filtro de todos los estados, con concepto: Cobro de cupón",1.10.1,28774.0,28458.85,-1.11
2025-09-17T17:36:17-03:00,Avalian,Production,Agenda,"Segundo ingreso: Filtro de todos los estados, con concepto: Cobro de dividendo",1.10.1,540.0,539.45,-0.1
2025-09-17T17:36:17-03:00,Avalian,Production,Agenda,"Segundo ingreso: Filtro de todos los estados, con concepto: Vencimiento",1.10.1,1271.0,1299.5,2.19
2025-09-17T17:36:17-03:00,Avalian,Production,Agenda,"Segundo ingreso: Filtro de todos los estados, con concepto: Venta",1.10.1,493.0,492.9,-0.02
2025-09-17T17:36:17-03:00,Avalian,Production,Home,Ingreso a MPC,1.10.1,5055.0,5012.2,-0.85
2025-09-17T17:36:17-03:00,Avalian,Production,Home,Primer ingreso al menú Home,1.10.1,6612.0,6535.85,-1.17
2025-09-17T17:36:17-03:00,Avalian,Production,Home,Primer ingreso al portfolio Avalian ARS desde el Home,1.10.1,10639.0,10618.3,-0.19
2025-09-17T17:36:17-03:00,Avalian,Production,Home,Primer ingreso al portfolio Avalian USD desde el Home,1.10.1,6764.0,6759.75,-0.06
2025-09-17T17:36:17-03:00,Avalian,Production,Home,Segundo ingreso al menú Home,1.10.1,4329.0,4287.4,-0.97
2025-09-17T17:36:17-03:00,Avalian,Production,Home,Segundo ingreso al portfolio Avalian ARS desde el Home,1.10.1,9145.0,9116.25,-0.32
2025-09-17T17:36:17-03:00,Avalian,Production,Home,Segundo ingreso al portfolio Avalian USD desde el Home,1.10.1,5347.0,5879.95,9.06
2025-09-17T17:36:17-03:00,Avalian,Production,Login,Ingreso al admin de MPC y setup de portfolios,1.10.1,10304.0,10254.6,-0.48
2025-09-17T17:36:17-03:00,Avalian,Production,Mis operaciones,Primer ingreso al depositario ARS,1.10.1,26590.0,25754.35,-3.24
2025-09-17T17:36:17-03:00,Avalian,Production,Mis operaciones,Primer ingreso al menú Mis operaciones,1.10.1,6036.0,5961.35,-1.25
2025-09-17T17:36:17-03:00,Avalian,Production,Mis operaciones,Primer ingreso: Depositario ARS filtro de 1 mes de operaciones,1.10.1,3055.0,3016.4,-1.28
2025-09-17T17:36:17-03:00,Avalian,Production,Mis operaciones,Primer ingreso: Depositario ARS filtro de 3 meses de operaciones,1.10.1,23023.0,23011.9,-0.05
2025-09-17T17:36:17-03:00,Avalian,Production,Mis operaciones,Primer ingreso: Filtro de 1 mes de operaciones,1.10.1,6392.0,7119.7,10.22
2025-09-17T17:36:17-03:00,Avalian,Production,Mis operaciones,Primer ingreso: Filtro de 3 meses de operaciones,1.10.1,29490.0,33790.65,12.73
2025-09-17T17:36:17-03:00,Avalian,Production,Mis operaciones,Segundo ingreso al depositario ARS,1.10.1,25517.0,26442.3,3.5
2025-09-17T17:36:17-03:00,Avalian,Production,Mis operaciones,Segundo ingreso al menú Mis operaciones,1.10.1,5680.0,5675.95,-0.07
2025-09-17T17:36:17-03:00,Avalian,Production,Mis operaciones,Segundo ingreso: Depositario ARS filtro de 1 mes de operaciones,1.10.1,3150.0,3137.0,-0.41
2025-09-17T17:36:17-03:00,Avalian,Production,Mis operaciones,Segundo ingreso: Depositario ARS filtro de 3 meses de operaciones,1.10.1,24097.0,24004.2,-0.39
2025-09-17T17:36:17-03:00,Avalian,Production,Mis operaciones,Segundo ingreso: Filtro de 1 mes de operaciones,1.10.1,6735.0,6702.15,-0.49
2025-09-17T17:36:17-03:00,Avalian,Production,Mis operaciones,Segundo ingreso: Filtro de 3 meses de operaciones,1.10.1,32481.0,35857.3,9.42
2025-09-17T17:36:17-03:00,Avalian,Production,Mis portfolios,Primer ingreso al menú Mis portfolios,1.10.1,4282.0,4254.95,-0.64
2025-09-17T17:36:17-03:00,Avalian,Production,Mis portfolios,Primer ingreso al portfolio Avalian ARS desde Mis portfolios,1.10.1,7876.0,9228.8,14.66
2025-09-17T17:36:17-03:00,Avalian,Production,Mis portfolios,Primer ingreso al portfolio Avalian USD desde Mis portfolios,1.10.1,4584.0,4569.1,-0.33
2025-09-17T17:36:17-03:00,Avalian,Production,Mis portfolios,Segundo ingreso al menú Mis portfolios,1.10.1,1337.0,1432.95,6.7
2025-09-17T17:36:17-03:00,Avalian,Production,Mis portfolios,Segundo ingreso al portfolio Avalian ARS desde Mis portfolios,1.10.1,8857.0,8781.95,-0.85
2025-09-17T17:36:17-03:00,Avalian,Production,Mis portfolios,Segundo ingreso al portfolio Avalian USD desde Mis portfolios,1.10.1,5407.0,5378.2,-0.54
2025-09-17T17:36:17-03:00,Avalian,Production,Rendimiento,Cambio de método de rentabilidad a TWR,1.10.1,1524.0,1649.4,7.6
2025-09-17T17:36:17-03:00,Avalian,Production,Rendimiento,Portfolio Avalian ARS: Primer ingreso a la carta de rendimiento Desde el inicio con método MWR,1.10.1,2056.0,2036.15,-0.97
2025-09-17T17:36:17-03:00,Avalian,Production,Rendimiento,Portfolio Avalian ARS: Primer ingreso a la carta de rendimiento Desde el inicio con método TWR,1.10.1,2737.0,2690.95,-1.71
2025-09-17T17:36:17-03:00,Avalian,Production,Rendimiento,Portfolio Avalian ARS: Primer ingreso a la carta de rendimiento Desde principio de año con método MWR,1.10.1,1525.0,1518.65,-0.42
2025-09-17T17:36:17-03:00,Avalian,Production,Rendimiento,Portfolio Avalian ARS: Primer ingreso a la carta de rendimiento Desde principio de año con método TWR,1.10.1,1695.0,1839.4,7.85
2025-09-17T17:36:17-03:00,Avalian,Production,Rendimiento,Portfolio Avalian ARS: Primer ingreso a la carta de rendimiento Desde principio de mes con método MWR,1.10.1,480.0,527.5,9.0
2025-09-17T17:36:17-03:00,Avalian,Production,Rendimiento,Portfolio Avalian ARS: Primer ingreso a la carta de rendimiento Desde principio de mes con método TWR,1.10.1,549.0,565.15,2.86
2025-09-17T17:36:17-03:00,Avalian,Production,Rendimiento,Portfolio Avalian ARS: Primer ingreso a la carta de rendimiento Última semana con método MWR,1.10.1,449.0,485.1,7.44
2025-09-17T17:36:17-03:00,Avalian,Production,Rendimiento,Portfolio Avalian ARS: Primer ingreso a la carta de rendimiento Última semana con método TWR,1.10.1,466.0,504.0,7.54
2025-09-17T17:36:17-03:00,Avalian,Production,Rendimiento,Portfolio Avalian ARS: Primer ingreso a la carta de rendimiento Último año con método MWR,1.10.1,1915.0,1908.95,-0.32
2025-09-17T17:36:17-03:00,Avalian,Production,Rendimiento,Portfolio Avalian ARS: Primer ingreso a la carta de rendimiento Último año con método TWR,1.10.1,1874.0,1864.15,-0.53
2025-09-17T17:36:17-03:00,Avalian,Production,Rendimiento,Portfolio Avalian ARS: Primer ingreso a la carta de rendimiento Último mes con método MWR,1.10.1,577.0,642.55,10.2
2025-09-17T17:36:17-03:00,Avalian,Production,Rendimiento,Portfolio Avalian ARS: Primer ingreso a la carta de rendimiento Último mes con método TWR,1.10.1,556.0,574.05,3.14
2025-09-17T17:36:17-03:00,Avalian,Production,Rendimiento,Portfolio Avalian ARS: Primer ingreso a la carta de rendimiento Últimos 3 meses con método MWR,1.10.1,719.0,735.15,2.2
2025-09-17T17:36:17-03:00,Avalian,Production,Rendimiento,Portfolio Avalian ARS: Primer ingreso a la carta de rendimiento Últimos 3 meses con método TWR,1.10.1,877.0,888.4,1.28
2025-09-17T17:36:17-03:00,Avalian,Production,Rendimiento,Portfolio Avalian ARS: Primer ingreso a la carta de rendimiento Últimos 6 meses con método MWR,1.10.1,1251.0,1304.2,4.08
2025-09-17T17:36:17-03:00,Avalian,Production,Rendimiento,Portfolio Avalian ARS: Primer ingreso a la carta de rendimiento Últimos 6 meses con método TWR,1.10.1,1175.0,1172.0,-0.26
2025-09-17T17:36:17-03:00,Avalian,Production,Rendimiento,Portfolio Avalian ARS: Segundo ingreso a la carta de rendimiento Desde el inicio con método MWR,1.10.1,2225.0,2221.15,-0.17
2025-09-17T17:36:17-03:00,Avalian,Production,Rendimiento,Portfolio Avalian ARS: Segundo ingreso a la carta de rendimiento Desde el inicio con método TWR,1.10.1,1522.0,1818.4,16.3
2025-09-17T17:36:17-03:00,Avalian,Production,Rendimiento,Portfolio Avalian ARS: Segundo ingreso a la carta de rendimiento Desde principio de año con método MWR,1.10.1,1870.0,1858.95,-0.59
2025-09-17T17:36:17-03:00,Avalian,Production,Rendimiento,Portfolio Avalian ARS: Segundo ingreso a la carta de rendimiento Desde principio de año con método TWR,1.10.1,1291.0,1442.05,10.47
2025-09-17T17:36:17-03:00,Avalian,Production,Rendimiento,Portfolio Avalian ARS: Segundo ingreso a la carta de rendimiento Desde principio de mes con método MWR,1.10.1,503.0,544.8,7.67
2025-09-17T17:36:17-03:00,Avalian,Production,Rendimiento,Portfolio Avalian ARS: Segundo ingreso a la carta de rendimiento Desde principio de mes con método TWR,1.10.1,561.0,671.2,16.42
2025-09-17T17:36:17-03:00,Avalian,Production,Rendimiento,Portfolio Avalian ARS: Segundo ingreso a la carta de rendimiento Última semana con método MWR,1.10.1,474.0,516.75,8.27
2025-09-17T17:36:17-03:00,Avalian,Production,Rendimiento,Portfolio Avalian ARS: Segundo ingreso a la carta de rendimiento Última semana con método TWR,1.10.1,487.0,503.15,3.21
2025-09-17T17:36:17-03:00,Avalian,Production,Rendimiento,Portfolio Avalian ARS: Segundo ingreso a la carta de rendimiento Último año con método MWR,1.10.1,1963.0,2178.65,9.9
2025-09-17T17:36:17-03:00,Avalian,Production,Rendimiento,Portfolio Avalian ARS: Segundo ingreso a la carta de rendimiento Último año con método TWR,1.10.1,1691.0,2000.7,15.48
2025-09-17T17:36:17-03:00,Avalian,Production,Rendimiento,Portfolio Avalian ARS: Segundo ingreso a la carta de rendimiento Último mes con método MWR,1.10.1,578.0,616.95,6.31
2025-09-17T17:36:17-03:00,Avalian,Production,Rendimiento,Portfolio Avalian ARS: Segundo ingreso a la carta de rendimiento Último mes con método TWR,1.10.1,564.0,565.9,0.34
2025-09-17T17:36:17-03:00,Avalian,Production,Rendimiento,Portfolio Avalian ARS: Segundo ingreso a la carta de rendimiento Últimos 3 meses con método MWR,1.10.1,757.0,861.5,12.13
2025-09-17T17:36:17-03:00,Avalian,Production,Rendimiento,Portfolio Avalian ARS: Segundo ingreso a la carta de rendimiento Últimos 3 meses con método TWR,1.10.1,777.0,822.6,5.54
2025-09-17T17:36:17-03:00,Avalian,Production,Rendimiento,Portfolio Avalian ARS: Segundo ingreso a la carta de rendimiento Últimos 6 meses con método MWR,1.10.1,1172.0,1729.65,32.24
2025-09-17T17:36:17-03:00,Avalian,Production,Rendimiento,Portfolio Avalian ARS: Segundo ingreso a la carta de rendimiento Últimos 6 meses con método TWR,1.10.1,1056.0,1320.1,20.01
2025-09-17T17:36:17-03:00,Avalian,Production,Rendimiento,Portfolio Total: Primer ingreso a la carta de rendimiento Desde el inicio con método MWR,1.10.1,1925.0,1953.5,1.46
2025-09-17T17:36:17-03:00,Avalian,Production,Rendimiento,Portfolio Total: Primer ingreso a la carta de rendimiento Desde el inicio con método TWR,1.10.1,2245.0,2239.75,-0.23
2025-09-17T17:36:17-03:00,Avalian,Production,Rendimiento,Portfolio Total: Primer ingreso a la carta de rendimiento Desde principio de año con método MWR,1.10.1,2538.0,2497.3,-1.63
2025-09-17T17:36:17-03:00,Avalian,Production,Rendimiento,Portfolio Total: Primer ingreso a la carta de rendimiento Desde principio de año con método TWR,1.10.1,1597.0,1678.7,4.87
2025-09-17T17:36:17-03:00,Avalian,Production,Rendimiento,Portfolio Total: Primer ingreso a la carta de rendimiento Desde principio de mes con método MWR,1.10.1,497.0,545.45,8.88
2025-09-17T17:36:17-03:00,Avalian,Production,Rendimiento,Portfolio Total: Primer ingreso a la carta de rendimiento Desde principio de mes con método TWR,1.10.1,491.0,546.1,10.09
2025-09-17T17:36:17-03:00,Avalian,Production,Rendimiento,Portfolio Total: Primer ingreso a la carta de rendimiento Última semana con método MWR,1.10.1,470.0,508.0,7.48
2025-09-17T17:36:17-03:00,Avalian,Production,Rendimiento,Portfolio Total: Primer ingreso a la carta de rendimiento Última semana con método TWR,1.10.1,498.0,521.75,4.55
2025-09-17T17:36:17-03:00,Avalian,Production,Rendimiento,Portfolio Total: Primer ingreso a la carta de rendimiento Último año con método MWR,1.10.1,1969.0,1956.75,-0.63
2025-09-17T17:36:17-03:00,Avalian,Production,Rendimiento,Portfolio Total: Primer ingreso a la carta de rendimiento Último año con método TWR,1.10.1,2055.0,2046.05,-0.44
2025-09-17T17:36:17-03:00,Avalian,Production,Rendimiento,Portfolio Total: Primer ingreso a la carta de rendimiento Último mes con método MWR,1.10.1,716.0,712.1,-0.55
2025-09-17T17:36:17-03:00,Avalian,Production,Rendimiento,Portfolio Total: Primer ingreso a la carta de rendimiento Último mes con método TWR,1.10.1,573.0,582.5,1.63
2025-09-17T17:36:17-03:00,Avalian,Production,Rendimiento,Portfolio Total: Primer ingreso a la carta de rendimiento Últimos 3 meses con método MWR,1.10.1,838.0,895.0,6.37
2025-09-17T17:36:17-03:00,Avalian,Production,Rendimiento,Portfolio Total: Primer ingreso a la carta de rendimiento Últimos 3 meses con método TWR,1.10.1,881.0,877.7,-0.38
2025-09-17T17:36:17-03:00,Avalian,Production,Rendimiento,Portfolio Total: Primer ingreso a la carta de rendimiento Últimos 6 meses con método MWR,1.10.1,1137.0,1293.75,12.12
2025-09-17T17:36:17-03:00,Avalian,Production,Rendimiento,Portfolio Total: Primer ingreso a la carta de rendimiento Últimos 6 meses con método TWR,1.10.1,1186.0,1788.3,33.68
2025-09-17T17:36:17-03:00,Avalian,Production,Rendimiento,Portfolio Total: Segundo ingreso a la carta de rendimiento Desde el inicio con método MWR,1.10.1,1951.0,1996.6,2.28
2025-09-17T17:36:17-03:00,Avalian,Production,Rendimiento,Portfolio Total: Segundo ingreso a la carta de rendimiento Desde el inicio con método TWR,1.10.1,2126.0,2364.45,10.08
2025-09-17T17:36:17-03:00,Avalian,Production,Rendimiento,Portfolio Total: Segundo ingreso a la carta de rendimiento Desde principio de año con método MWR,1.10.1,1701.0,2441.05,30.32
2025-09-17T17:36:17-03:00,Avalian,Production,Rendimiento,Portfolio Total: Segundo ingreso a la carta de rendimiento Desde principio de año con método TWR,1.10.1,1365.0,1699.4,19.68
2025-09-17T17:36:17-03:00,Avalian,Production,Rendimiento,Portfolio Total: Segundo ingreso a la carta de rendimiento Desde principio de mes con método MWR,1.10.1,572.0,570.45,-0.27
2025-09-17T17:36:17-03:00,Avalian,Production,Rendimiento,Portfolio Total: Segundo ingreso a la carta de rendimiento Desde principio de mes con método TWR,1.10.1,520.0,717.6,27.54
2025-09-17T17:36:17-03:00,Avalian,Production,Rendimiento,Portfolio Total: Segundo ingreso a la carta de rendimiento Última semana con método MWR,1.10.1,499.0,554.1,9.94
2025-09-17T17:36:17-03:00,Avalian,Production,Rendimiento,Portfolio Total: Segundo ingreso a la carta de rendimiento Última semana con método TWR,1.10.1,511.0,552.8,7.56
2025-09-17T17:36:17-03:00,Avalian,Production,Rendimiento,Portfolio Total: Segundo ingreso a la carta de rendimiento Último año con método MWR,1.10.1,48538.0,52365.55,7.31
2025-09-17T17:36:17-03:00,Avalian,Production,Rendimiento,Portfolio Total: Segundo ingreso a la carta de rendimiento Último año con método TWR,1.10.1,1876.0,2145.8,12.57
2025-09-17T17:36:17-03:00,Avalian,Production,Rendimiento,Portfolio Total: Segundo ingreso a la carta de rendimiento Último mes con método MWR,1.10.1,608.0,679.25,10.49
2025-09-17T17:36:17-03:00,Avalian,Production,Rendimiento,Portfolio Total: Segundo ingreso a la carta de rendimiento Último mes con método TWR,1.10.1,638.0,638.95,0.15
2025-09-17T17:36:17-03:00,Avalian,Production,Rendimiento,Portfolio Total: Segundo ingreso a la carta de rendimiento Últimos 3 meses con método MWR,1.10.1,813.0,951.7,14.57
2025-09-17T17:36:17-03:00,Avalian,Production,Rendimiento,Portfolio Total: Segundo ingreso a la carta de rendimiento Últimos 3 meses con método TWR,1.10.1,697.0,919.3,24.18
2025-09-17T17:36:17-03:00,Avalian,Production,Rendimiento,Portfolio Total: Segundo ingreso a la carta de rendimiento Últimos 6 meses con método MWR,1.10.1,1857.0,1825.65,-1.72
2025-09-17T17:36:17-03:00,Avalian,Production,Rendimiento,Portfolio Total: Segundo ingreso a la carta de rendimiento Últimos 6 meses con método TWR,1.10.1,1143.0,1503.05,23.95
2025-09-17T17:36:17-03:00,Avalian,Production,Rendimiento,Primer ingreso al menú Rendimiento,1.10.1,2681.0,2661.9,-0.72
2025-09-17T17:36:17-03:00,Avalian,Production,Rendimiento,Primer ingreso al portfolio Avalian ARS,1.10.1,37152.0,37132.25,-0.05
2025-09-17T17:36:17-03:00,Avalian,Production,Rendimiento,Primer ingreso al portfolio Total,1.10.1,49188.0,49165.55,-0.05
2025-09-17T17:36:17-03:00,Avalian,Production,Rendimiento,Segundo ingreso al portfolio Avalian ARS,1.10.1,1360.0,1587.05,14.31
2025-09-17T17:36:17-03:00,Avalian,Production,Rendimiento,Segundo ingreso al portfolio Total,1.10.1,163.0,163.0,0.0
