Timestamp,Sección,Descripción,P95 (ms)
2026-07-06T17:28:14-03:00,Agenda,Primer ingreso al menú Agenda,2929.0
2026-07-06T17:28:14-03:00,Agenda,"Primer ingreso: Tipo de instrumento Acciones, estado: Cobrado",645.0
2026-07-06T17:28:14-03:00,Agenda,"Primer ingreso: Tipo de instrumento Acciones, estado: Cobrado, fecha: 1 mes hacia atras",1165.0
2026-07-06T17:28:14-03:00,Agenda,"Primer ingreso: Tipo de instrumento Acciones, estado: Cobrado, fecha: 3 meses hacia atras",1180.0
2026-07-06T17:28:14-03:00,Agenda,"Primer ingreso: Tipo de instrumento Acciones, estado: Pendiente",767.0
2026-07-06T17:28:14-03:00,Agenda,"Primer ingreso: Tipo de instrumento Acciones, estado: Pendiente, fecha: 1 mes hacia atras",1548.0
2026-07-06T17:28:14-03:00,Agenda,"Primer ingreso: Tipo de instrumento Acciones, estado: Pendiente, fecha: 3 meses hacia atras",5839.0
2026-07-06T17:28:14-03:00,Agenda,"Primer ingreso: Tipo de instrumento Bonos, estado: Cobrado",802.0
2026-07-06T17:28:14-03:00,Agenda,"Primer ingreso: Tipo de instrumento Bonos, estado: Cobrado, fecha: 1 mes hacia atras",1457.0
2026-07-06T17:28:14-03:00,Agenda,"Primer ingreso: Tipo de instrumento Bonos, estado: Cobrado, fecha: 3 meses hacia atras",1671.0
2026-07-06T17:28:14-03:00,Agenda,"Primer ingreso: Tipo de instrumento Bonos, estado: Pendiente",11752.0
2026-07-06T17:28:14-03:00,Agenda,"Primer ingreso: Tipo de instrumento Bonos, estado: Pendiente, fecha: 1 mes hacia atras",9770.0
2026-07-06T17:28:14-03:00,Agenda,"Primer ingreso: Tipo de instrumento Bonos, estado: Pendiente, fecha: 3 meses hacia atras",18930.0
2026-07-06T17:28:14-03:00,Agenda,"Primer ingreso: Tipo de instrumento Operaciones a descuento, estado: Cobrado, Concepto: Cancelación anticipada",874.0
2026-07-06T17:28:14-03:00,Agenda,"Primer ingreso: Tipo de instrumento Operaciones a descuento, estado: Cobrado, Concepto: Cancelación anticipada, fecha: 1 mes hacia atras",950.0
2026-07-06T17:28:14-03:00,Agenda,"Primer ingreso: Tipo de instrumento Operaciones a descuento, estado: Cobrado, Concepto: Cancelación anticipada, fecha: 3 meses hacia atras",944.0
2026-07-06T17:28:14-03:00,Agenda,"Primer ingreso: Tipo de instrumento Operaciones a descuento, estado: Cobrado, Concepto: Vencimiento",755.0
2026-07-06T17:28:14-03:00,Agenda,"Primer ingreso: Tipo de instrumento Operaciones a descuento, estado: Cobrado, Concepto: Vencimiento, fecha: 1 mes hacia atras",958.0
2026-07-06T17:28:14-03:00,Agenda,"Primer ingreso: Tipo de instrumento Operaciones a descuento, estado: Cobrado, Concepto: Vencimiento, fecha: 3 meses hacia atras",1090.0
2026-07-06T17:28:14-03:00,Agenda,"Primer ingreso: Tipo de instrumento Operaciones a descuento, estado: Cobrado, Concepto: Venta",778.0
2026-07-06T17:28:14-03:00,Agenda,"Primer ingreso: Tipo de instrumento Operaciones a descuento, estado: Cobrado, Concepto: Venta, fecha: 1 mes hacia atras",985.0
2026-07-06T17:28:14-03:00,Agenda,"Primer ingreso: Tipo de instrumento Operaciones a descuento, estado: Cobrado, Concepto: Venta, fecha: 3 meses hacia atras",941.0
2026-07-06T17:28:14-03:00,Agenda,"Primer ingreso: Tipo de instrumento Operaciones a descuento, estado: Pendiente",547.0
2026-07-06T17:28:14-03:00,Agenda,"Primer ingreso: Tipo de instrumento Operaciones a descuento, estado: Pendiente, fecha: 1 mes hacia atras",1178.0
2026-07-06T17:28:14-03:00,Agenda,"Primer ingreso: Tipo de instrumento Operaciones a descuento, estado: Pendiente, fecha: 3 meses hacia atras",1204.0
2026-07-06T17:28:14-03:00,Agenda,"Primer ingreso: Tipo de instrumento Operaciones a plazo, estado: Cobrado, Concepto: Cancelación anticipada",851.0
2026-07-06T17:28:14-03:00,Agenda,"Primer ingreso: Tipo de instrumento Operaciones a plazo, estado: Cobrado, Concepto: Cancelación anticipada, fecha: 1 mes hacia atras",969.0
2026-07-06T17:28:14-03:00,Agenda,"Primer ingreso: Tipo de instrumento Operaciones a plazo, estado: Cobrado, Concepto: Cancelación anticipada, fecha: 3 meses hacia atras",957.0
2026-07-06T17:28:14-03:00,Agenda,"Primer ingreso: Tipo de instrumento Operaciones a plazo, estado: Cobrado, Concepto: Vencimiento",814.0
2026-07-06T17:28:14-03:00,Agenda,"Primer ingreso: Tipo de instrumento Operaciones a plazo, estado: Cobrado, Concepto: Vencimiento, fecha: 1 mes hacia atras",996.0
2026-07-06T17:28:14-03:00,Agenda,"Primer ingreso: Tipo de instrumento Operaciones a plazo, estado: Cobrado, Concepto: Vencimiento, fecha: 3 meses hacia atras",997.0
2026-07-06T17:28:14-03:00,Agenda,"Primer ingreso: Tipo de instrumento Operaciones a plazo, estado: Cobrado, Concepto: Venta",767.0
2026-07-06T17:28:14-03:00,Agenda,"Primer ingreso: Tipo de instrumento Operaciones a plazo, estado: Cobrado, Concepto: Venta, fecha: 1 mes hacia atras",965.0
2026-07-06T17:28:14-03:00,Agenda,"Primer ingreso: Tipo de instrumento Operaciones a plazo, estado: Cobrado, Concepto: Venta, fecha: 3 meses hacia atras",965.0
2026-07-06T17:28:14-03:00,Agenda,"Primer ingreso: Tipo de instrumento Operaciones a plazo, estado: Pendiente",687.0
2026-07-06T17:28:14-03:00,Agenda,"Primer ingreso: Tipo de instrumento Operaciones a plazo, estado: Pendiente, fecha: 1 mes hacia atras",1325.0
2026-07-06T17:28:14-03:00,Agenda,"Primer ingreso: Tipo de instrumento Operaciones a plazo, estado: Pendiente, fecha: 3 meses hacia atras",1203.0
2026-07-06T17:28:14-03:00,Agenda,Segundo ingreso al menú Agenda,3408.0
2026-07-06T17:28:14-03:00,Agenda,"Segundo ingreso: Tipo de instrumento Acciones, estado: Cobrado, fecha: 1 mes hacia atras",1117.0
2026-07-06T17:28:14-03:00,Agenda,"Segundo ingreso: Tipo de instrumento Acciones, estado: Cobrado, fecha: 3 meses hacia atras",1165.0
2026-07-06T17:28:14-03:00,Agenda,"Segundo ingreso: Tipo de instrumento Acciones, estado: Pendiente, fecha: 1 mes hacia atras",1507.0
2026-07-06T17:28:14-03:00,Agenda,"Segundo ingreso: Tipo de instrumento Acciones, estado: Pendiente, fecha: 3 meses hacia atras",1536.0
2026-07-06T17:28:14-03:00,Agenda,"Segundo ingreso: Tipo de instrumento Acciones, estado: pendiente",713.0
2026-07-06T17:28:14-03:00,Agenda,"Segundo ingreso: Tipo de instrumento Acciones,estado: Cobrado",645.0
2026-07-06T17:28:14-03:00,Agenda,"Segundo ingreso: Tipo de instrumento Bonos, estado: Cobrado",767.0
2026-07-06T17:28:14-03:00,Agenda,"Segundo ingreso: Tipo de instrumento Bonos, estado: Cobrado, fecha: 1 mes hacia atras",1497.0
2026-07-06T17:28:14-03:00,Agenda,"Segundo ingreso: Tipo de instrumento Bonos, estado: Cobrado, fecha: 3 meses hacia atras",1547.0
2026-07-06T17:28:14-03:00,Agenda,"Segundo ingreso: Tipo de instrumento Bonos, estado: Pendiente, fecha: 1 mes hacia atras",8212.0
2026-07-06T17:28:14-03:00,Agenda,"Segundo ingreso: Tipo de instrumento Bonos, estado: Pendiente, fecha: 3 meses hacia atras",7869.0
2026-07-06T17:28:14-03:00,Agenda,"Segundo ingreso: Tipo de instrumento Bonos, estado: pendiente",4922.0
2026-07-06T17:28:14-03:00,Agenda,"Segundo ingreso: Tipo de instrumento Operaciones a descuento, estado: Cobrado, Concepto: Cancelación anticipada",834.0
2026-07-06T17:28:14-03:00,Agenda,"Segundo ingreso: Tipo de instrumento Operaciones a descuento, estado: Cobrado, Concepto: Cancelación anticipada, fecha: 1 mes hacia atras",965.0
2026-07-06T17:28:14-03:00,Agenda,"Segundo ingreso: Tipo de instrumento Operaciones a descuento, estado: Cobrado, Concepto: Cancelación anticipada, fecha: 3 meses hacia atras",942.0
2026-07-06T17:28:14-03:00,Agenda,"Segundo ingreso: Tipo de instrumento Operaciones a descuento, estado: Cobrado, Concepto: Vencimiento",714.0
2026-07-06T17:28:14-03:00,Agenda,"Segundo ingreso: Tipo de instrumento Operaciones a descuento, estado: Cobrado, Concepto: Vencimiento, fecha: 1 mes hacia atras",954.0
2026-07-06T17:28:14-03:00,Agenda,"Segundo ingreso: Tipo de instrumento Operaciones a descuento, estado: Cobrado, Concepto: Vencimiento, fecha: 3 meses hacia atras",962.0
2026-07-06T17:28:14-03:00,Agenda,"Segundo ingreso: Tipo de instrumento Operaciones a descuento, estado: Cobrado, Concepto: Venta",735.0
2026-07-06T17:28:14-03:00,Agenda,"Segundo ingreso: Tipo de instrumento Operaciones a descuento, estado: Cobrado, Concepto: Venta, fecha: 1 mes hacia atras",1020.0
2026-07-06T17:28:14-03:00,Agenda,"Segundo ingreso: Tipo de instrumento Operaciones a descuento, estado: Cobrado, Concepto: Venta, fecha: 3 meses hacia atras",981.0
2026-07-06T17:28:14-03:00,Agenda,"Segundo ingreso: Tipo de instrumento Operaciones a descuento, estado: Pendiente, fecha: 1 mes hacia atras",1182.0
2026-07-06T17:28:14-03:00,Agenda,"Segundo ingreso: Tipo de instrumento Operaciones a descuento, estado: Pendiente, fecha: 3 meses hacia atras",1140.0
2026-07-06T17:28:14-03:00,Agenda,"Segundo ingreso: Tipo de instrumento Operaciones a descuento, estado: pendiente",538.0
2026-07-06T17:28:14-03:00,Agenda,"Segundo ingreso: Tipo de instrumento Operaciones a plazo, estado: Cobrado, Concepto: Cancelación anticipada",805.0
2026-07-06T17:28:14-03:00,Agenda,"Segundo ingreso: Tipo de instrumento Operaciones a plazo, estado: Cobrado, Concepto: Cancelación anticipada, fecha: 1 mes hacia atras",943.0
2026-07-06T17:28:14-03:00,Agenda,"Segundo ingreso: Tipo de instrumento Operaciones a plazo, estado: Cobrado, Concepto: Cancelación anticipada, fecha: 3 meses hacia atras",968.0
2026-07-06T17:28:14-03:00,Agenda,"Segundo ingreso: Tipo de instrumento Operaciones a plazo, estado: Cobrado, Concepto: Vencimiento",781.0
2026-07-06T17:28:14-03:00,Agenda,"Segundo ingreso: Tipo de instrumento Operaciones a plazo, estado: Cobrado, Concepto: Vencimiento, fecha: 1 mes hacia atras",982.0
2026-07-06T17:28:14-03:00,Agenda,"Segundo ingreso: Tipo de instrumento Operaciones a plazo, estado: Cobrado, Concepto: Vencimiento, fecha: 3 meses hacia atras",997.0
2026-07-06T17:28:14-03:00,Agenda,"Segundo ingreso: Tipo de instrumento Operaciones a plazo, estado: Cobrado, Concepto: Venta",744.0
2026-07-06T17:28:14-03:00,Agenda,"Segundo ingreso: Tipo de instrumento Operaciones a plazo, estado: Cobrado, Concepto: Venta, fecha: 1 mes hacia atras",956.0
2026-07-06T17:28:14-03:00,Agenda,"Segundo ingreso: Tipo de instrumento Operaciones a plazo, estado: Cobrado, Concepto: Venta, fecha: 3 meses hacia atras",970.0
2026-07-06T17:28:14-03:00,Agenda,"Segundo ingreso: Tipo de instrumento Operaciones a plazo, estado: Pendiente, fecha: 1 mes hacia atras",1279.0
2026-07-06T17:28:14-03:00,Agenda,"Segundo ingreso: Tipo de instrumento Operaciones a plazo, estado: Pendiente, fecha: 3 meses hacia atras",1223.0
2026-07-06T17:28:14-03:00,Agenda,"Segundo ingreso: Tipo de instrumento Operaciones a plazo, estado: pendiente",619.0
2026-07-06T17:28:14-03:00,Home,Ingreso a MPC,4621.0
2026-07-06T17:28:14-03:00,Home,Primer ingreso al menú Home,11980.0
2026-07-06T17:28:14-03:00,Home,Primer ingreso al portfolio LH ART desde el Home,13121.0
2026-07-06T17:28:14-03:00,Home,Primer ingreso al portfolio LH Acción RE desde el Home,15874.0
2026-07-06T17:28:14-03:00,Home,Primer ingreso al portfolio LH Fronting desde el Home,13603.0
2026-07-06T17:28:14-03:00,Home,Primer ingreso al portfolio LH INVERSIONES SIN RE desde el Home,18708.0
2026-07-06T17:28:14-03:00,Home,Primer ingreso al portfolio LH Inversiones desde el Home,17238.0
2026-07-06T17:28:14-03:00,Home,Primer ingreso al portfolio LH Liquidez desde el Home,13332.0
2026-07-06T17:28:14-03:00,Home,Primer ingreso al portfolio Portfolio RE desde el Home,15594.0
2026-07-06T17:28:14-03:00,Home,Primer ingreso al portfolio RE Mercado desde el Home,14742.0
2026-07-06T17:28:14-03:00,Home,Primer ingreso al portfolio RE Valor Tecnico desde el Home,14372.0
2026-07-06T17:28:14-03:00,Home,Segundo ingreso al menú Home,9315.0
2026-07-06T17:28:14-03:00,Home,Segundo ingreso al portfolio LH ART desde el Home,12519.0
2026-07-06T17:28:14-03:00,Home,Segundo ingreso al portfolio LH Acción RE desde el Home,12674.0
2026-07-06T17:28:14-03:00,Home,Segundo ingreso al portfolio LH Fronting desde el Home,13118.0
2026-07-06T17:28:14-03:00,Home,Segundo ingreso al portfolio LH INVERSIONES SIN RE desde el Home,17315.0
2026-07-06T17:28:14-03:00,Home,Segundo ingreso al portfolio LH Inversiones desde el Home,17063.0
2026-07-06T17:28:14-03:00,Home,Segundo ingreso al portfolio LH Liquidez desde el Home,13067.0
2026-07-06T17:28:14-03:00,Home,Segundo ingreso al portfolio Portfolio RE desde el Home,16151.0
2026-07-06T17:28:14-03:00,Home,Segundo ingreso al portfolio RE Mercado desde el Home,14966.0
2026-07-06T17:28:14-03:00,Home,Segundo ingreso al portfolio RE Valor Tecnico desde el Home,13025.0
2026-07-06T17:28:14-03:00,Mi dinero,Primer ingreso al menú Mi dinero,17126.0
2026-07-06T17:28:14-03:00,Mi dinero,Segundo ingreso al menú Mi dinero,15119.0
2026-07-06T17:28:14-03:00,Mis depositarios,Agrupar por especie todas las cuentas disponibles,2152.0
2026-07-06T17:28:14-03:00,Mis depositarios,Deseleccionar la cuenta Adcap (Adcap LH 97-1436),9093.0
2026-07-06T17:28:14-03:00,Mis depositarios,Deseleccionar la cuenta Adcap (Adcap RE 97-1461),8344.0
2026-07-06T17:28:14-03:00,Mis depositarios,Deseleccionar la cuenta Allaria (Allaria LH 6-121047),8630.0
2026-07-06T17:28:14-03:00,Mis depositarios,Deseleccionar la cuenta Allaria (Allaria RE 6-191366),7187.0
2026-07-06T17:28:14-03:00,Mis depositarios,Deseleccionar la cuenta BBVA (BBVA LH FCI),7305.0
2026-07-06T17:28:14-03:00,Mis depositarios,Deseleccionar la cuenta BBVA (BBVA RE FCI),6573.0
2026-07-06T17:28:14-03:00,Mis depositarios,Deseleccionar la cuenta Bacs (BACS LH),7061.0
2026-07-06T17:28:14-03:00,Mis depositarios,Deseleccionar la cuenta Bacs (BACS RE FCI),9008.0
2026-07-06T17:28:14-03:00,Mis depositarios,Deseleccionar la cuenta Banco Nación (BNA MIAMI RE),7909.0
2026-07-06T17:28:14-03:00,Mis depositarios,Deseleccionar la cuenta Bull Market Brokers (Bull LH FCI),7741.0
2026-07-06T17:28:14-03:00,Mis depositarios,Deseleccionar la cuenta Bull Market Brokers (Bull RE FCI),8239.0
2026-07-06T17:28:14-03:00,Mis depositarios,Deseleccionar la cuenta Compass (COMPASS LH FCI),6632.0
2026-07-06T17:28:14-03:00,Mis depositarios,Deseleccionar la cuenta Consultatio (Consultatio LH FCI),7632.0
2026-07-06T17:28:14-03:00,Mis depositarios,Deseleccionar la cuenta Consultatio (Consultatio RE FCI),8567.0
2026-07-06T17:28:14-03:00,Mis depositarios,Deseleccionar la cuenta DA Valores (DA Valores LH 2851-334188),7143.0
2026-07-06T17:28:14-03:00,Mis depositarios,Deseleccionar la cuenta Delta (DELTA LH FCI),7581.0
2026-07-06T17:28:14-03:00,Mis depositarios,Deseleccionar la cuenta Facimex (Facimex LH 169-3309),7656.0
2026-07-06T17:28:14-03:00,Mis depositarios,Deseleccionar la cuenta Facimex (Facimex RE 169-3929),8125.0
2026-07-06T17:28:14-03:00,Mis depositarios,Deseleccionar la cuenta Galicia (FIMA LH FCI ),8213.0
2026-07-06T17:28:14-03:00,Mis depositarios,Deseleccionar la cuenta Galicia (FIMA RE FCI),7335.0
2026-07-06T17:28:14-03:00,Mis depositarios,Deseleccionar la cuenta Galicia (Galicia LH 0552-757178),8291.0
2026-07-06T17:28:14-03:00,Mis depositarios,Deseleccionar la cuenta Galicia (Galicia LH ART 0552-820346),8570.0
2026-07-06T17:28:14-03:00,Mis depositarios,Deseleccionar la cuenta Galicia (Galicia RE 0552-795588),7759.0
2026-07-06T17:28:14-03:00,Mis depositarios,Deseleccionar la cuenta Galileo (Galileo LH FCI ),8650.0
2026-07-06T17:28:14-03:00,Mis depositarios,Deseleccionar la cuenta Invertir Online (IAM LH ),6865.0
2026-07-06T17:28:14-03:00,Mis depositarios,Deseleccionar la cuenta MEGAQM (MEGAQM RE FCI),6469.0
2026-07-06T17:28:14-03:00,Mis depositarios,Deseleccionar la cuenta MEGAQM (Megaqm LH FCI),7035.0
2026-07-06T17:28:14-03:00,Mis depositarios,Deseleccionar la cuenta Max Capital (Max Capital LH FCI ),8437.0
2026-07-06T17:28:14-03:00,Mis depositarios,Deseleccionar la cuenta Mills Capital Markets (Mills LH FCI),7549.0
2026-07-06T17:28:14-03:00,Mis depositarios,Deseleccionar la cuenta Mills Capital Markets (Mills RE FCI),8826.0
2026-07-06T17:28:14-03:00,Mis depositarios,Deseleccionar la cuenta Parakeet Capital (Parakeet LH FCI),7467.0
2026-07-06T17:28:14-03:00,Mis depositarios,Deseleccionar la cuenta Portfolio Personal Inversiones (PPI LH FCI),9098.0
2026-07-06T17:28:14-03:00,Mis depositarios,Deseleccionar la cuenta SBS (SBS LH 2-3312),7996.0
2026-07-06T17:28:14-03:00,Mis depositarios,Deseleccionar la cuenta SBS (SBS RE 2-4839),6249.0
2026-07-06T17:28:14-03:00,Mis depositarios,Deseleccionar la cuenta Schroders (Schroders LH FCI),8101.0
2026-07-06T17:28:14-03:00,Mis depositarios,Deseleccionar la cuenta Schroders (Schroders RE FCI),8724.0
2026-07-06T17:28:14-03:00,Mis depositarios,Deseleccionar la cuenta StoneX (Stonex LH FCI),7107.0
2026-07-06T17:28:14-03:00,Mis depositarios,Deseleccionar la cuenta StoneX (Stonex RE FCI),8353.0
2026-07-06T17:28:14-03:00,Mis depositarios,Deseleccionar la cuenta Supervielle (Premier LH ),7584.0
2026-07-06T17:28:14-03:00,Mis depositarios,Deseleccionar la cuenta Supervielle (Premier RE FCI),7951.0
2026-07-06T17:28:14-03:00,Mis depositarios,Deseleccionar la cuenta Zofingen (Zofingen LH FC),8654.0
2026-07-06T17:28:14-03:00,Mis depositarios,Deseleccionar todas las cuentas del depositario Adcap,8646.0
2026-07-06T17:28:14-03:00,Mis depositarios,Deseleccionar todas las cuentas del depositario Allaria,8521.0
2026-07-06T17:28:14-03:00,Mis depositarios,Deseleccionar todas las cuentas del depositario BBVA,8447.0
2026-07-06T17:28:14-03:00,Mis depositarios,Deseleccionar todas las cuentas del depositario Bacs,9016.0
2026-07-06T17:28:14-03:00,Mis depositarios,Deseleccionar todas las cuentas del depositario Banco Nación,8704.0
2026-07-06T17:28:14-03:00,Mis depositarios,Deseleccionar todas las cuentas del depositario Bull Market Brokers,8535.0
2026-07-06T17:28:14-03:00,Mis depositarios,Deseleccionar todas las cuentas del depositario Compass,7610.0
2026-07-06T17:28:14-03:00,Mis depositarios,Deseleccionar todas las cuentas del depositario Consultatio,8459.0
2026-07-06T17:28:14-03:00,Mis depositarios,Deseleccionar todas las cuentas del depositario DA Valores,8205.0
2026-07-06T17:28:14-03:00,Mis depositarios,Deseleccionar todas las cuentas del depositario Delta,7368.0
2026-07-06T17:28:14-03:00,Mis depositarios,Deseleccionar todas las cuentas del depositario Facimex,9315.0
2026-07-06T17:28:14-03:00,Mis depositarios,Deseleccionar todas las cuentas del depositario Galicia,7654.0
2026-07-06T17:28:14-03:00,Mis depositarios,Deseleccionar todas las cuentas del depositario Galileo,8958.0
2026-07-06T17:28:14-03:00,Mis depositarios,Deseleccionar todas las cuentas del depositario Invertir Online,8467.0
2026-07-06T17:28:14-03:00,Mis depositarios,Deseleccionar todas las cuentas del depositario MEGAQM,9230.0
2026-07-06T17:28:14-03:00,Mis depositarios,Deseleccionar todas las cuentas del depositario Max Capital,8683.0
2026-07-06T17:28:14-03:00,Mis depositarios,Deseleccionar todas las cuentas del depositario Mills Capital Markets,7951.0
2026-07-06T17:28:14-03:00,Mis depositarios,Deseleccionar todas las cuentas del depositario Parakeet Capital,6768.0
2026-07-06T17:28:14-03:00,Mis depositarios,Deseleccionar todas las cuentas del depositario Portfolio Personal Inversiones,6653.0
2026-07-06T17:28:14-03:00,Mis depositarios,Deseleccionar todas las cuentas del depositario SBS,8823.0
2026-07-06T17:28:14-03:00,Mis depositarios,Deseleccionar todas las cuentas del depositario Schroders,6992.0
2026-07-06T17:28:14-03:00,Mis depositarios,Deseleccionar todas las cuentas del depositario StoneX,9426.0
2026-07-06T17:28:14-03:00,Mis depositarios,Deseleccionar todas las cuentas del depositario Supervielle,8531.0
2026-07-06T17:28:14-03:00,Mis depositarios,Deseleccionar todas las cuentas del depositario Zofingen,7963.0
2026-07-06T17:28:14-03:00,Mis depositarios,Deseleccionar todas las cuentas disponibles,8166.0
2026-07-06T17:28:14-03:00,Mis depositarios,Primer ingreso al menú Mis depositarios,3153.0
2026-07-06T17:28:14-03:00,Mis depositarios,Seleccionar la cuenta Adcap (Adcap LH 97-1436),7031.0
2026-07-06T17:28:14-03:00,Mis depositarios,Seleccionar la cuenta Adcap (Adcap RE 97-1461),7765.0
2026-07-06T17:28:14-03:00,Mis depositarios,Seleccionar la cuenta Allaria (Allaria LH 6-121047),8102.0
2026-07-06T17:28:14-03:00,Mis depositarios,Seleccionar la cuenta Allaria (Allaria RE 6-191366),9369.0
2026-07-06T17:28:14-03:00,Mis depositarios,Seleccionar la cuenta BBVA (BBVA LH FCI),7402.0
2026-07-06T17:28:14-03:00,Mis depositarios,Seleccionar la cuenta BBVA (BBVA RE FCI),7863.0
2026-07-06T17:28:14-03:00,Mis depositarios,Seleccionar la cuenta Bacs (BACS LH),8237.0
2026-07-06T17:28:14-03:00,Mis depositarios,Seleccionar la cuenta Bacs (BACS RE FCI),8347.0
2026-07-06T17:28:14-03:00,Mis depositarios,Seleccionar la cuenta Banco Nación (BNA MIAMI RE),6376.0
2026-07-06T17:28:14-03:00,Mis depositarios,Seleccionar la cuenta Bull Market Brokers (Bull LH FCI),8699.0
2026-07-06T17:28:14-03:00,Mis depositarios,Seleccionar la cuenta Bull Market Brokers (Bull RE FCI),8755.0
2026-07-06T17:28:14-03:00,Mis depositarios,Seleccionar la cuenta Compass (COMPASS LH FCI),8656.0
2026-07-06T17:28:14-03:00,Mis depositarios,Seleccionar la cuenta Consultatio (Consultatio LH FCI),9254.0
2026-07-06T17:28:14-03:00,Mis depositarios,Seleccionar la cuenta Consultatio (Consultatio RE FCI),7832.0
2026-07-06T17:28:14-03:00,Mis depositarios,Seleccionar la cuenta DA Valores (DA Valores LH 2851-334188),9071.0
2026-07-06T17:28:14-03:00,Mis depositarios,Seleccionar la cuenta Delta (DELTA LH FCI),8545.0
2026-07-06T17:28:14-03:00,Mis depositarios,Seleccionar la cuenta Facimex (Facimex LH 169-3309),6932.0
2026-07-06T17:28:14-03:00,Mis depositarios,Seleccionar la cuenta Facimex (Facimex RE 169-3929),7989.0
2026-07-06T17:28:14-03:00,Mis depositarios,Seleccionar la cuenta Galicia (FIMA LH FCI ),7972.0
2026-07-06T17:28:14-03:00,Mis depositarios,Seleccionar la cuenta Galicia (FIMA RE FCI),7926.0
2026-07-06T17:28:14-03:00,Mis depositarios,Seleccionar la cuenta Galicia (Galicia LH 0552-757178),8767.0
2026-07-06T17:28:14-03:00,Mis depositarios,Seleccionar la cuenta Galicia (Galicia LH ART 0552-820346),8599.0
2026-07-06T17:28:14-03:00,Mis depositarios,Seleccionar la cuenta Galicia (Galicia RE 0552-795588),7753.0
2026-07-06T17:28:14-03:00,Mis depositarios,Seleccionar la cuenta Galileo (Galileo LH FCI ),6422.0
2026-07-06T17:28:14-03:00,Mis depositarios,Seleccionar la cuenta Invertir Online (IAM LH ),6998.0
2026-07-06T17:28:14-03:00,Mis depositarios,Seleccionar la cuenta MEGAQM (MEGAQM RE FCI),8682.0
2026-07-06T17:28:14-03:00,Mis depositarios,Seleccionar la cuenta MEGAQM (Megaqm LH FCI),9225.0
2026-07-06T17:28:14-03:00,Mis depositarios,Seleccionar la cuenta Max Capital (Max Capital LH FCI ),7884.0
2026-07-06T17:28:14-03:00,Mis depositarios,Seleccionar la cuenta Mills Capital Markets (Mills LH FCI),7837.0
2026-07-06T17:28:14-03:00,Mis depositarios,Seleccionar la cuenta Mills Capital Markets (Mills RE FCI),8343.0
2026-07-06T17:28:14-03:00,Mis depositarios,Seleccionar la cuenta Parakeet Capital (Parakeet LH FCI),6381.0
2026-07-06T17:28:14-03:00,Mis depositarios,Seleccionar la cuenta Portfolio Personal Inversiones (PPI LH FCI),7194.0
2026-07-06T17:28:14-03:00,Mis depositarios,Seleccionar la cuenta SBS (SBS LH 2-3312),8344.0
2026-07-06T17:28:14-03:00,Mis depositarios,Seleccionar la cuenta SBS (SBS RE 2-4839),8496.0
2026-07-06T17:28:14-03:00,Mis depositarios,Seleccionar la cuenta Schroders (Schroders LH FCI),6314.0
2026-07-06T17:28:14-03:00,Mis depositarios,Seleccionar la cuenta Schroders (Schroders RE FCI),7189.0
2026-07-06T17:28:14-03:00,Mis depositarios,Seleccionar la cuenta StoneX (Stonex LH FCI),8386.0
2026-07-06T17:28:14-03:00,Mis depositarios,Seleccionar la cuenta StoneX (Stonex RE FCI),6416.0
2026-07-06T17:28:14-03:00,Mis depositarios,Seleccionar la cuenta Supervielle (Premier LH ),6261.0
2026-07-06T17:28:14-03:00,Mis depositarios,Seleccionar la cuenta Supervielle (Premier RE FCI),5996.0
2026-07-06T17:28:14-03:00,Mis depositarios,Seleccionar la cuenta Zofingen (Zofingen LH FC),7469.0
2026-07-06T17:28:14-03:00,Mis depositarios,Seleccionar todas las cuentas del depositario Adcap,7115.0
2026-07-06T17:28:14-03:00,Mis depositarios,Seleccionar todas las cuentas del depositario Allaria,9041.0
2026-07-06T17:28:14-03:00,Mis depositarios,Seleccionar todas las cuentas del depositario BBVA,10286.0
2026-07-06T17:28:14-03:00,Mis depositarios,Seleccionar todas las cuentas del depositario Bacs,6991.0
2026-07-06T17:28:14-03:00,Mis depositarios,Seleccionar todas las cuentas del depositario Banco Nación,9014.0
2026-07-06T17:28:14-03:00,Mis depositarios,Seleccionar todas las cuentas del depositario Bull Market Brokers,7360.0
2026-07-06T17:28:14-03:00,Mis depositarios,Seleccionar todas las cuentas del depositario Compass,8868.0
2026-07-06T17:28:14-03:00,Mis depositarios,Seleccionar todas las cuentas del depositario Consultatio,8497.0
2026-07-06T17:28:14-03:00,Mis depositarios,Seleccionar todas las cuentas del depositario DA Valores,8576.0
2026-07-06T17:28:14-03:00,Mis depositarios,Seleccionar todas las cuentas del depositario Delta,7214.0
2026-07-06T17:28:14-03:00,Mis depositarios,Seleccionar todas las cuentas del depositario Facimex,6967.0
2026-07-06T17:28:14-03:00,Mis depositarios,Seleccionar todas las cuentas del depositario Galicia,8125.0
2026-07-06T17:28:14-03:00,Mis depositarios,Seleccionar todas las cuentas del depositario Galileo,8396.0
2026-07-06T17:28:14-03:00,Mis depositarios,Seleccionar todas las cuentas del depositario Invertir Online,7152.0
2026-07-06T17:28:14-03:00,Mis depositarios,Seleccionar todas las cuentas del depositario MEGAQM,7084.0
2026-07-06T17:28:14-03:00,Mis depositarios,Seleccionar todas las cuentas del depositario Max Capital,7516.0
2026-07-06T17:28:14-03:00,Mis depositarios,Seleccionar todas las cuentas del depositario Mills Capital Markets,7798.0
2026-07-06T17:28:14-03:00,Mis depositarios,Seleccionar todas las cuentas del depositario Parakeet Capital,8430.0
2026-07-06T17:28:14-03:00,Mis depositarios,Seleccionar todas las cuentas del depositario Portfolio Personal Inversiones,7623.0
2026-07-06T17:28:14-03:00,Mis depositarios,Seleccionar todas las cuentas del depositario SBS,7073.0
2026-07-06T17:28:14-03:00,Mis depositarios,Seleccionar todas las cuentas del depositario Schroders,7511.0
2026-07-06T17:28:14-03:00,Mis depositarios,Seleccionar todas las cuentas del depositario StoneX,8819.0
2026-07-06T17:28:14-03:00,Mis depositarios,Seleccionar todas las cuentas del depositario Supervielle,7314.0
2026-07-06T17:28:14-03:00,Mis depositarios,Seleccionar todas las cuentas del depositario Zofingen,7003.0
2026-07-06T17:28:14-03:00,Mis depositarios,Seleccionar todas las cuentas disponibles,10314.0
2026-07-06T17:28:14-03:00,Mis operaciones,Primer ingreso al depositario Galicia,5107.0
2026-07-06T17:28:14-03:00,Mis operaciones,Primer ingreso al menú Mis operaciones,5108.0
2026-07-06T17:28:14-03:00,Mis operaciones,Primer ingreso: Depositario Galicia filtro de 1 mes de operaciones,1880.0
2026-07-06T17:28:14-03:00,Mis operaciones,Primer ingreso: Depositario Galicia filtro de 3 meses de operaciones,3795.0
2026-07-06T17:28:14-03:00,Mis operaciones,Primer ingreso: Filtro de 1 mes de operaciones,6678.0
2026-07-06T17:28:14-03:00,Mis operaciones,Primer ingreso: Filtro de 3 meses de operaciones,57301.0
2026-07-06T17:28:14-03:00,Mis operaciones,Segundo ingreso al depositario Galicia,4691.0
2026-07-06T17:28:14-03:00,Mis operaciones,Segundo ingreso al menú Mis operaciones,6058.0
2026-07-06T17:28:14-03:00,Mis operaciones,Segundo ingreso: Depositario Galicia filtro de 1 mes de operaciones,1768.0
2026-07-06T17:28:14-03:00,Mis operaciones,Segundo ingreso: Depositario Galicia filtro de 3 meses de operaciones,4841.0
2026-07-06T17:28:14-03:00,Mis operaciones,Segundo ingreso: Filtro de 1 mes de operaciones,4085.0
2026-07-06T17:28:14-03:00,Mis operaciones,Segundo ingreso: Filtro de 3 meses de operaciones,50874.0
2026-07-06T17:28:14-03:00,Mis portfolios,Primer ingreso al menú Mis portfolios,13938.0
2026-07-06T17:28:14-03:00,Mis portfolios,Primer ingreso al portfolio LH ART desde Mis portfolios,8506.0
2026-07-06T17:28:14-03:00,Mis portfolios,Primer ingreso al portfolio LH Acción RE desde Mis portfolios,10030.0
2026-07-06T17:28:14-03:00,Mis portfolios,Primer ingreso al portfolio LH Fronting desde Mis portfolios,7994.0
2026-07-06T17:28:14-03:00,Mis portfolios,Primer ingreso al portfolio LH INVERSIONES SIN RE desde Mis portfolios,12846.0
2026-07-06T17:28:14-03:00,Mis portfolios,Primer ingreso al portfolio LH Inversiones desde Mis portfolios,13051.0
2026-07-06T17:28:14-03:00,Mis portfolios,Primer ingreso al portfolio LH Liquidez desde Mis portfolios,8686.0
2026-07-06T17:28:14-03:00,Mis portfolios,Primer ingreso al portfolio Portfolio RE desde Mis portfolios,11550.0
2026-07-06T17:28:14-03:00,Mis portfolios,Primer ingreso al portfolio RE Mercado desde Mis portfolios,9131.0
2026-07-06T17:28:14-03:00,Mis portfolios,Primer ingreso al portfolio RE Valor Tecnico desde Mis portfolios,7400.0
2026-07-06T17:28:14-03:00,Mis portfolios,Segundo ingreso al menú Mis portfolios,4258.0
2026-07-06T17:28:14-03:00,Mis portfolios,Segundo ingreso al portfolio LH ART desde Mis portfolios,7479.0
2026-07-06T17:28:14-03:00,Mis portfolios,Segundo ingreso al portfolio LH Acción RE desde Mis portfolios,8820.0
2026-07-06T17:28:14-03:00,Mis portfolios,Segundo ingreso al portfolio LH Fronting desde Mis portfolios,6941.0
2026-07-06T17:28:14-03:00,Mis portfolios,Segundo ingreso al portfolio LH INVERSIONES SIN RE desde Mis portfolios,10875.0
2026-07-06T17:28:14-03:00,Mis portfolios,Segundo ingreso al portfolio LH Inversiones desde Mis portfolios,10590.0
2026-07-06T17:28:14-03:00,Mis portfolios,Segundo ingreso al portfolio LH Liquidez desde Mis portfolios,9329.0
2026-07-06T17:28:14-03:00,Mis portfolios,Segundo ingreso al portfolio Portfolio RE desde Mis portfolios,11804.0
2026-07-06T17:28:14-03:00,Mis portfolios,Segundo ingreso al portfolio RE Mercado desde Mis portfolios,11171.0
2026-07-06T17:28:14-03:00,Mis portfolios,Segundo ingreso al portfolio RE Valor Tecnico desde Mis portfolios,8808.0
2026-07-06T17:28:14-03:00,Rendimiento,Cambio de método de rentabilidad a TWR,9776.0
2026-07-06T17:28:14-03:00,Rendimiento,Portfolio LH ART: Primer ingreso a la carta de rendimiento Desde el inicio con método MWR,1560.0
2026-07-06T17:28:14-03:00,Rendimiento,Portfolio LH ART: Primer ingreso a la carta de rendimiento Desde el inicio con método TWR,1685.0
2026-07-06T17:28:14-03:00,Rendimiento,Portfolio LH ART: Primer ingreso a la carta de rendimiento Desde principio de año con método MWR,904.0
2026-07-06T17:28:14-03:00,Rendimiento,Portfolio LH ART: Primer ingreso a la carta de rendimiento Desde principio de año con método TWR,1012.0
2026-07-06T17:28:14-03:00,Rendimiento,Portfolio LH ART: Primer ingreso a la carta de rendimiento Desde principio de mes con método MWR,434.0
2026-07-06T17:28:14-03:00,Rendimiento,Portfolio LH ART: Primer ingreso a la carta de rendimiento Desde principio de mes con método TWR,435.0
2026-07-06T17:28:14-03:00,Rendimiento,Portfolio LH ART: Primer ingreso a la carta de rendimiento Última semana con método MWR,508.0
2026-07-06T17:28:14-03:00,Rendimiento,Portfolio LH ART: Primer ingreso a la carta de rendimiento Última semana con método TWR,453.0
2026-07-06T17:28:14-03:00,Rendimiento,Portfolio LH ART: Primer ingreso a la carta de rendimiento Último año con método MWR,1620.0
2026-07-06T17:28:14-03:00,Rendimiento,Portfolio LH ART: Primer ingreso a la carta de rendimiento Último año con método TWR,1669.0
2026-07-06T17:28:14-03:00,Rendimiento,Portfolio LH ART: Primer ingreso a la carta de rendimiento Último mes con método MWR,496.0
2026-07-06T17:28:14-03:00,Rendimiento,Portfolio LH ART: Primer ingreso a la carta de rendimiento Último mes con método TWR,541.0
2026-07-06T17:28:14-03:00,Rendimiento,Portfolio LH ART: Primer ingreso a la carta de rendimiento Últimos 3 meses con método MWR,745.0
2026-07-06T17:28:14-03:00,Rendimiento,Portfolio LH ART: Primer ingreso a la carta de rendimiento Últimos 3 meses con método TWR,719.0
2026-07-06T17:28:14-03:00,Rendimiento,Portfolio LH ART: Segundo ingreso a la carta de rendimiento Desde el inicio con método MWR,1590.0
2026-07-06T17:28:14-03:00,Rendimiento,Portfolio LH ART: Segundo ingreso a la carta de rendimiento Desde el inicio con método TWR,1729.0
2026-07-06T17:28:14-03:00,Rendimiento,Portfolio LH ART: Segundo ingreso a la carta de rendimiento Desde principio de año con método MWR,2231.0
2026-07-06T17:28:14-03:00,Rendimiento,Portfolio LH ART: Segundo ingreso a la carta de rendimiento Desde principio de año con método TWR,1010.0
2026-07-06T17:28:14-03:00,Rendimiento,Portfolio LH ART: Segundo ingreso a la carta de rendimiento Desde principio de mes con método MWR,451.0
2026-07-06T17:28:14-03:00,Rendimiento,Portfolio LH ART: Segundo ingreso a la carta de rendimiento Desde principio de mes con método TWR,462.0
2026-07-06T17:28:14-03:00,Rendimiento,Portfolio LH ART: Segundo ingreso a la carta de rendimiento Última semana con método MWR,482.0
2026-07-06T17:28:14-03:00,Rendimiento,Portfolio LH ART: Segundo ingreso a la carta de rendimiento Última semana con método TWR,501.0
2026-07-06T17:28:14-03:00,Rendimiento,Portfolio LH ART: Segundo ingreso a la carta de rendimiento Último año con método MWR,1504.0
2026-07-06T17:28:14-03:00,Rendimiento,Portfolio LH ART: Segundo ingreso a la carta de rendimiento Último año con método TWR,1522.0
2026-07-06T17:28:14-03:00,Rendimiento,Portfolio LH ART: Segundo ingreso a la carta de rendimiento Último mes con método MWR,559.0
2026-07-06T17:28:14-03:00,Rendimiento,Portfolio LH ART: Segundo ingreso a la carta de rendimiento Último mes con método TWR,581.0
2026-07-06T17:28:14-03:00,Rendimiento,Portfolio LH ART: Segundo ingreso a la carta de rendimiento Últimos 3 meses con método MWR,1333.0
2026-07-06T17:28:14-03:00,Rendimiento,Portfolio LH ART: Segundo ingreso a la carta de rendimiento Últimos 3 meses con método TWR,706.0
2026-07-06T17:28:14-03:00,Rendimiento,Portfolio LH Acción RE: Primer ingreso a la carta de rendimiento Desde el inicio con método MWR,1428.0
2026-07-06T17:28:14-03:00,Rendimiento,Portfolio LH Acción RE: Primer ingreso a la carta de rendimiento Desde el inicio con método TWR,1881.0
2026-07-06T17:28:14-03:00,Rendimiento,Portfolio LH Acción RE: Primer ingreso a la carta de rendimiento Desde principio de año con método MWR,754.0
2026-07-06T17:28:14-03:00,Rendimiento,Portfolio LH Acción RE: Primer ingreso a la carta de rendimiento Desde principio de año con método TWR,1011.0
2026-07-06T17:28:14-03:00,Rendimiento,Portfolio LH Acción RE: Primer ingreso a la carta de rendimiento Desde principio de mes con método MWR,403.0
2026-07-06T17:28:14-03:00,Rendimiento,Portfolio LH Acción RE: Primer ingreso a la carta de rendimiento Desde principio de mes con método TWR,390.0
2026-07-06T17:28:14-03:00,Rendimiento,Portfolio LH Acción RE: Primer ingreso a la carta de rendimiento Última semana con método MWR,411.0
2026-07-06T17:28:14-03:00,Rendimiento,Portfolio LH Acción RE: Primer ingreso a la carta de rendimiento Última semana con método TWR,430.0
2026-07-06T17:28:14-03:00,Rendimiento,Portfolio LH Acción RE: Primer ingreso a la carta de rendimiento Último año con método MWR,1589.0
2026-07-06T17:28:14-03:00,Rendimiento,Portfolio LH Acción RE: Primer ingreso a la carta de rendimiento Último año con método TWR,3058.0
2026-07-06T17:28:14-03:00,Rendimiento,Portfolio LH Acción RE: Primer ingreso a la carta de rendimiento Último mes con método MWR,485.0
2026-07-06T17:28:14-03:00,Rendimiento,Portfolio LH Acción RE: Primer ingreso a la carta de rendimiento Último mes con método TWR,509.0
2026-07-06T17:28:14-03:00,Rendimiento,Portfolio LH Acción RE: Primer ingreso a la carta de rendimiento Últimos 3 meses con método MWR,678.0
2026-07-06T17:28:14-03:00,Rendimiento,Portfolio LH Acción RE: Primer ingreso a la carta de rendimiento Últimos 3 meses con método TWR,639.0
2026-07-06T17:28:14-03:00,Rendimiento,Portfolio LH Acción RE: Segundo ingreso a la carta de rendimiento Desde el inicio con método MWR,1594.0
2026-07-06T17:28:14-03:00,Rendimiento,Portfolio LH Acción RE: Segundo ingreso a la carta de rendimiento Desde el inicio con método TWR,1628.0
2026-07-06T17:28:14-03:00,Rendimiento,Portfolio LH Acción RE: Segundo ingreso a la carta de rendimiento Desde principio de año con método MWR,2406.0
2026-07-06T17:28:14-03:00,Rendimiento,Portfolio LH Acción RE: Segundo ingreso a la carta de rendimiento Desde principio de año con método TWR,1055.0
2026-07-06T17:28:14-03:00,Rendimiento,Portfolio LH Acción RE: Segundo ingreso a la carta de rendimiento Desde principio de mes con método MWR,490.0
2026-07-06T17:28:14-03:00,Rendimiento,Portfolio LH Acción RE: Segundo ingreso a la carta de rendimiento Desde principio de mes con método TWR,469.0
2026-07-06T17:28:14-03:00,Rendimiento,Portfolio LH Acción RE: Segundo ingreso a la carta de rendimiento Última semana con método MWR,479.0
2026-07-06T17:28:14-03:00,Rendimiento,Portfolio LH Acción RE: Segundo ingreso a la carta de rendimiento Última semana con método TWR,458.0
2026-07-06T17:28:14-03:00,Rendimiento,Portfolio LH Acción RE: Segundo ingreso a la carta de rendimiento Último año con método MWR,1670.0
2026-07-06T17:28:14-03:00,Rendimiento,Portfolio LH Acción RE: Segundo ingreso a la carta de rendimiento Último año con método TWR,1593.0
2026-07-06T17:28:14-03:00,Rendimiento,Portfolio LH Acción RE: Segundo ingreso a la carta de rendimiento Último mes con método MWR,538.0
2026-07-06T17:28:14-03:00,Rendimiento,Portfolio LH Acción RE: Segundo ingreso a la carta de rendimiento Último mes con método TWR,528.0
2026-07-06T17:28:14-03:00,Rendimiento,Portfolio LH Acción RE: Segundo ingreso a la carta de rendimiento Últimos 3 meses con método MWR,890.0
2026-07-06T17:28:14-03:00,Rendimiento,Portfolio LH Acción RE: Segundo ingreso a la carta de rendimiento Últimos 3 meses con método TWR,813.0
2026-07-06T17:28:14-03:00,Rendimiento,Portfolio LH Fronting: Primer ingreso a la carta de rendimiento Desde el inicio con método MWR,2280.0
2026-07-06T17:28:14-03:00,Rendimiento,Portfolio LH Fronting: Primer ingreso a la carta de rendimiento Desde el inicio con método TWR,1008.0
2026-07-06T17:28:14-03:00,Rendimiento,Portfolio LH Fronting: Primer ingreso a la carta de rendimiento Desde principio de año con método MWR,978.0
2026-07-06T17:28:14-03:00,Rendimiento,Portfolio LH Fronting: Primer ingreso a la carta de rendimiento Desde principio de año con método TWR,1010.0
2026-07-06T17:28:14-03:00,Rendimiento,Portfolio LH Fronting: Primer ingreso a la carta de rendimiento Desde principio de mes con método MWR,474.0
2026-07-06T17:28:14-03:00,Rendimiento,Portfolio LH Fronting: Primer ingreso a la carta de rendimiento Desde principio de mes con método TWR,426.0
2026-07-06T17:28:14-03:00,Rendimiento,Portfolio LH Fronting: Primer ingreso a la carta de rendimiento Última semana con método MWR,512.0
2026-07-06T17:28:14-03:00,Rendimiento,Portfolio LH Fronting: Primer ingreso a la carta de rendimiento Última semana con método TWR,452.0
2026-07-06T17:28:14-03:00,Rendimiento,Portfolio LH Fronting: Primer ingreso a la carta de rendimiento Último año con método MWR,1006.0
2026-07-06T17:28:14-03:00,Rendimiento,Portfolio LH Fronting: Primer ingreso a la carta de rendimiento Último año con método TWR,1100.0
2026-07-06T17:28:14-03:00,Rendimiento,Portfolio LH Fronting: Primer ingreso a la carta de rendimiento Último mes con método MWR,734.0
2026-07-06T17:28:14-03:00,Rendimiento,Portfolio LH Fronting: Primer ingreso a la carta de rendimiento Último mes con método TWR,539.0
2026-07-06T17:28:14-03:00,Rendimiento,Portfolio LH Fronting: Primer ingreso a la carta de rendimiento Últimos 3 meses con método MWR,820.0
2026-07-06T17:28:14-03:00,Rendimiento,Portfolio LH Fronting: Primer ingreso a la carta de rendimiento Últimos 3 meses con método TWR,703.0
2026-07-06T17:28:14-03:00,Rendimiento,Portfolio LH Fronting: Segundo ingreso a la carta de rendimiento Desde el inicio con método MWR,1045.0
2026-07-06T17:28:14-03:00,Rendimiento,Portfolio LH Fronting: Segundo ingreso a la carta de rendimiento Desde el inicio con método TWR,1128.0
2026-07-06T17:28:14-03:00,Rendimiento,Portfolio LH Fronting: Segundo ingreso a la carta de rendimiento Desde principio de año con método MWR,985.0
2026-07-06T17:28:14-03:00,Rendimiento,Portfolio LH Fronting: Segundo ingreso a la carta de rendimiento Desde principio de año con método TWR,982.0
2026-07-06T17:28:14-03:00,Rendimiento,Portfolio LH Fronting: Segundo ingreso a la carta de rendimiento Desde principio de mes con método MWR,496.0
2026-07-06T17:28:14-03:00,Rendimiento,Portfolio LH Fronting: Segundo ingreso a la carta de rendimiento Desde principio de mes con método TWR,504.0
2026-07-06T17:28:14-03:00,Rendimiento,Portfolio LH Fronting: Segundo ingreso a la carta de rendimiento Última semana con método MWR,502.0
2026-07-06T17:28:14-03:00,Rendimiento,Portfolio LH Fronting: Segundo ingreso a la carta de rendimiento Última semana con método TWR,503.0
2026-07-06T17:28:14-03:00,Rendimiento,Portfolio LH Fronting: Segundo ingreso a la carta de rendimiento Último año con método MWR,1127.0
2026-07-06T17:28:14-03:00,Rendimiento,Portfolio LH Fronting: Segundo ingreso a la carta de rendimiento Último año con método TWR,1042.0
2026-07-06T17:28:14-03:00,Rendimiento,Portfolio LH Fronting: Segundo ingreso a la carta de rendimiento Último mes con método MWR,610.0
2026-07-06T17:28:14-03:00,Rendimiento,Portfolio LH Fronting: Segundo ingreso a la carta de rendimiento Último mes con método TWR,539.0
2026-07-06T17:28:14-03:00,Rendimiento,Portfolio LH Fronting: Segundo ingreso a la carta de rendimiento Últimos 3 meses con método MWR,774.0
2026-07-06T17:28:14-03:00,Rendimiento,Portfolio LH Fronting: Segundo ingreso a la carta de rendimiento Últimos 3 meses con método TWR,815.0
2026-07-06T17:28:14-03:00,Rendimiento,Portfolio LH Inversiones: Primer ingreso a la carta de rendimiento Desde el inicio con método MWR,1844.0
2026-07-06T17:28:14-03:00,Rendimiento,Portfolio LH Inversiones: Primer ingreso a la carta de rendimiento Desde el inicio con método TWR,2107.0
2026-07-06T17:28:14-03:00,Rendimiento,Portfolio LH Inversiones: Primer ingreso a la carta de rendimiento Desde principio de año con método MWR,1492.0
2026-07-06T17:28:14-03:00,Rendimiento,Portfolio LH Inversiones: Primer ingreso a la carta de rendimiento Desde principio de año con método TWR,2641.0
2026-07-06T17:28:14-03:00,Rendimiento,Portfolio LH Inversiones: Primer ingreso a la carta de rendimiento Desde principio de mes con método MWR,437.0
2026-07-06T17:28:14-03:00,Rendimiento,Portfolio LH Inversiones: Primer ingreso a la carta de rendimiento Desde principio de mes con método TWR,502.0
2026-07-06T17:28:14-03:00,Rendimiento,Portfolio LH Inversiones: Primer ingreso a la carta de rendimiento Última semana con método MWR,443.0
2026-07-06T17:28:14-03:00,Rendimiento,Portfolio LH Inversiones: Primer ingreso a la carta de rendimiento Última semana con método TWR,461.0
2026-07-06T17:28:14-03:00,Rendimiento,Portfolio LH Inversiones: Primer ingreso a la carta de rendimiento Último año con método MWR,2131.0
2026-07-06T17:28:14-03:00,Rendimiento,Portfolio LH Inversiones: Primer ingreso a la carta de rendimiento Último año con método TWR,2316.0
2026-07-06T17:28:14-03:00,Rendimiento,Portfolio LH Inversiones: Primer ingreso a la carta de rendimiento Último mes con método MWR,566.0
2026-07-06T17:28:14-03:00,Rendimiento,Portfolio LH Inversiones: Primer ingreso a la carta de rendimiento Último mes con método TWR,624.0
2026-07-06T17:28:14-03:00,Rendimiento,Portfolio LH Inversiones: Primer ingreso a la carta de rendimiento Últimos 3 meses con método MWR,800.0
2026-07-06T17:28:14-03:00,Rendimiento,Portfolio LH Inversiones: Primer ingreso a la carta de rendimiento Últimos 3 meses con método TWR,708.0
2026-07-06T17:28:14-03:00,Rendimiento,Portfolio LH Inversiones: Segundo ingreso a la carta de rendimiento Desde el inicio con método MWR,1995.0
2026-07-06T17:28:14-03:00,Rendimiento,Portfolio LH Inversiones: Segundo ingreso a la carta de rendimiento Desde el inicio con método TWR,2257.0
2026-07-06T17:28:14-03:00,Rendimiento,Portfolio LH Inversiones: Segundo ingreso a la carta de rendimiento Desde principio de año con método MWR,1193.0
2026-07-06T17:28:14-03:00,Rendimiento,Portfolio LH Inversiones: Segundo ingreso a la carta de rendimiento Desde principio de año con método TWR,1483.0
2026-07-06T17:28:14-03:00,Rendimiento,Portfolio LH Inversiones: Segundo ingreso a la carta de rendimiento Desde principio de mes con método MWR,490.0
2026-07-06T17:28:14-03:00,Rendimiento,Portfolio LH Inversiones: Segundo ingreso a la carta de rendimiento Desde principio de mes con método TWR,481.0
2026-07-06T17:28:14-03:00,Rendimiento,Portfolio LH Inversiones: Segundo ingreso a la carta de rendimiento Última semana con método MWR,501.0
2026-07-06T17:28:14-03:00,Rendimiento,Portfolio LH Inversiones: Segundo ingreso a la carta de rendimiento Última semana con método TWR,492.0
2026-07-06T17:28:14-03:00,Rendimiento,Portfolio LH Inversiones: Segundo ingreso a la carta de rendimiento Último año con método MWR,4034.0
2026-07-06T17:28:14-03:00,Rendimiento,Portfolio LH Inversiones: Segundo ingreso a la carta de rendimiento Último año con método TWR,2258.0
2026-07-06T17:28:14-03:00,Rendimiento,Portfolio LH Inversiones: Segundo ingreso a la carta de rendimiento Último mes con método MWR,632.0
2026-07-06T17:28:14-03:00,Rendimiento,Portfolio LH Inversiones: Segundo ingreso a la carta de rendimiento Último mes con método TWR,665.0
2026-07-06T17:28:14-03:00,Rendimiento,Portfolio LH Inversiones: Segundo ingreso a la carta de rendimiento Últimos 3 meses con método MWR,899.0
2026-07-06T17:28:14-03:00,Rendimiento,Portfolio LH Inversiones: Segundo ingreso a la carta de rendimiento Últimos 3 meses con método TWR,822.0
2026-07-06T17:28:14-03:00,Rendimiento,Portfolio LH Liquidez: Primer ingreso a la carta de rendimiento Desde el inicio con método MWR,1124.0
2026-07-06T17:28:14-03:00,Rendimiento,Portfolio LH Liquidez: Primer ingreso a la carta de rendimiento Desde el inicio con método TWR,1094.0
2026-07-06T17:28:14-03:00,Rendimiento,Portfolio LH Liquidez: Primer ingreso a la carta de rendimiento Desde principio de año con método MWR,1044.0
2026-07-06T17:28:14-03:00,Rendimiento,Portfolio LH Liquidez: Primer ingreso a la carta de rendimiento Desde principio de año con método TWR,1093.0
2026-07-06T17:28:14-03:00,Rendimiento,Portfolio LH Liquidez: Primer ingreso a la carta de rendimiento Desde principio de mes con método MWR,416.0
2026-07-06T17:28:14-03:00,Rendimiento,Portfolio LH Liquidez: Primer ingreso a la carta de rendimiento Desde principio de mes con método TWR,432.0
2026-07-06T17:28:14-03:00,Rendimiento,Portfolio LH Liquidez: Primer ingreso a la carta de rendimiento Última semana con método MWR,469.0
2026-07-06T17:28:14-03:00,Rendimiento,Portfolio LH Liquidez: Primer ingreso a la carta de rendimiento Última semana con método TWR,418.0
2026-07-06T17:28:14-03:00,Rendimiento,Portfolio LH Liquidez: Primer ingreso a la carta de rendimiento Último año con método MWR,1214.0
2026-07-06T17:28:14-03:00,Rendimiento,Portfolio LH Liquidez: Primer ingreso a la carta de rendimiento Último año con método TWR,1109.0
2026-07-06T17:28:14-03:00,Rendimiento,Portfolio LH Liquidez: Primer ingreso a la carta de rendimiento Último mes con método MWR,509.0
2026-07-06T17:28:14-03:00,Rendimiento,Portfolio LH Liquidez: Primer ingreso a la carta de rendimiento Último mes con método TWR,582.0
2026-07-06T17:28:14-03:00,Rendimiento,Portfolio LH Liquidez: Primer ingreso a la carta de rendimiento Últimos 3 meses con método MWR,592.0
2026-07-06T17:28:14-03:00,Rendimiento,Portfolio LH Liquidez: Primer ingreso a la carta de rendimiento Últimos 3 meses con método TWR,707.0
2026-07-06T17:28:14-03:00,Rendimiento,Portfolio LH Liquidez: Segundo ingreso a la carta de rendimiento Desde el inicio con método MWR,1147.0
2026-07-06T17:28:14-03:00,Rendimiento,Portfolio LH Liquidez: Segundo ingreso a la carta de rendimiento Desde el inicio con método TWR,1015.0
2026-07-06T17:28:14-03:00,Rendimiento,Portfolio LH Liquidez: Segundo ingreso a la carta de rendimiento Desde principio de año con método MWR,1217.0
2026-07-06T17:28:14-03:00,Rendimiento,Portfolio LH Liquidez: Segundo ingreso a la carta de rendimiento Desde principio de año con método TWR,1030.0
2026-07-06T17:28:14-03:00,Rendimiento,Portfolio LH Liquidez: Segundo ingreso a la carta de rendimiento Desde principio de mes con método MWR,469.0
2026-07-06T17:28:14-03:00,Rendimiento,Portfolio LH Liquidez: Segundo ingreso a la carta de rendimiento Desde principio de mes con método TWR,507.0
2026-07-06T17:28:14-03:00,Rendimiento,Portfolio LH Liquidez: Segundo ingreso a la carta de rendimiento Última semana con método MWR,517.0
2026-07-06T17:28:14-03:00,Rendimiento,Portfolio LH Liquidez: Segundo ingreso a la carta de rendimiento Última semana con método TWR,533.0
2026-07-06T17:28:14-03:00,Rendimiento,Portfolio LH Liquidez: Segundo ingreso a la carta de rendimiento Último año con método MWR,1137.0
2026-07-06T17:28:14-03:00,Rendimiento,Portfolio LH Liquidez: Segundo ingreso a la carta de rendimiento Último año con método TWR,1103.0
2026-07-06T17:28:14-03:00,Rendimiento,Portfolio LH Liquidez: Segundo ingreso a la carta de rendimiento Último mes con método MWR,576.0
2026-07-06T17:28:14-03:00,Rendimiento,Portfolio LH Liquidez: Segundo ingreso a la carta de rendimiento Último mes con método TWR,574.0
2026-07-06T17:28:14-03:00,Rendimiento,Portfolio LH Liquidez: Segundo ingreso a la carta de rendimiento Últimos 3 meses con método MWR,815.0
2026-07-06T17:28:14-03:00,Rendimiento,Portfolio LH Liquidez: Segundo ingreso a la carta de rendimiento Últimos 3 meses con método TWR,691.0
2026-07-06T17:28:14-03:00,Rendimiento,Portfolio RE Mercado: Primer ingreso a la carta de rendimiento Desde el inicio con método MWR,2076.0
2026-07-06T17:28:14-03:00,Rendimiento,Portfolio RE Mercado: Primer ingreso a la carta de rendimiento Desde el inicio con método TWR,1891.0
2026-07-06T17:28:14-03:00,Rendimiento,Portfolio RE Mercado: Primer ingreso a la carta de rendimiento Desde principio de año con método MWR,1273.0
2026-07-06T17:28:14-03:00,Rendimiento,Portfolio RE Mercado: Primer ingreso a la carta de rendimiento Desde principio de año con método TWR,1070.0
2026-07-06T17:28:14-03:00,Rendimiento,Portfolio RE Mercado: Primer ingreso a la carta de rendimiento Desde principio de mes con método MWR,413.0
2026-07-06T17:28:14-03:00,Rendimiento,Portfolio RE Mercado: Primer ingreso a la carta de rendimiento Desde principio de mes con método TWR,471.0
2026-07-06T17:28:14-03:00,Rendimiento,Portfolio RE Mercado: Primer ingreso a la carta de rendimiento Última semana con método MWR,402.0
2026-07-06T17:28:14-03:00,Rendimiento,Portfolio RE Mercado: Primer ingreso a la carta de rendimiento Última semana con método TWR,493.0
2026-07-06T17:28:14-03:00,Rendimiento,Portfolio RE Mercado: Primer ingreso a la carta de rendimiento Último año con método MWR,1797.0
2026-07-06T17:28:14-03:00,Rendimiento,Portfolio RE Mercado: Primer ingreso a la carta de rendimiento Último año con método TWR,2019.0
2026-07-06T17:28:14-03:00,Rendimiento,Portfolio RE Mercado: Primer ingreso a la carta de rendimiento Último mes con método MWR,487.0
2026-07-06T17:28:14-03:00,Rendimiento,Portfolio RE Mercado: Primer ingreso a la carta de rendimiento Último mes con método TWR,646.0
2026-07-06T17:28:14-03:00,Rendimiento,Portfolio RE Mercado: Primer ingreso a la carta de rendimiento Últimos 3 meses con método MWR,939.0
2026-07-06T17:28:14-03:00,Rendimiento,Portfolio RE Mercado: Primer ingreso a la carta de rendimiento Últimos 3 meses con método TWR,724.0
2026-07-06T17:28:14-03:00,Rendimiento,Portfolio RE Mercado: Segundo ingreso a la carta de rendimiento Desde el inicio con método MWR,1720.0
2026-07-06T17:28:14-03:00,Rendimiento,Portfolio RE Mercado: Segundo ingreso a la carta de rendimiento Desde el inicio con método TWR,1972.0
2026-07-06T17:28:14-03:00,Rendimiento,Portfolio RE Mercado: Segundo ingreso a la carta de rendimiento Desde principio de año con método MWR,1086.0
2026-07-06T17:28:14-03:00,Rendimiento,Portfolio RE Mercado: Segundo ingreso a la carta de rendimiento Desde principio de año con método TWR,2572.0
2026-07-06T17:28:14-03:00,Rendimiento,Portfolio RE Mercado: Segundo ingreso a la carta de rendimiento Desde principio de mes con método MWR,498.0
2026-07-06T17:28:14-03:00,Rendimiento,Portfolio RE Mercado: Segundo ingreso a la carta de rendimiento Desde principio de mes con método TWR,516.0
2026-07-06T17:28:14-03:00,Rendimiento,Portfolio RE Mercado: Segundo ingreso a la carta de rendimiento Última semana con método MWR,484.0
2026-07-06T17:28:14-03:00,Rendimiento,Portfolio RE Mercado: Segundo ingreso a la carta de rendimiento Última semana con método TWR,510.0
2026-07-06T17:28:14-03:00,Rendimiento,Portfolio RE Mercado: Segundo ingreso a la carta de rendimiento Último año con método MWR,2086.0
2026-07-06T17:28:14-03:00,Rendimiento,Portfolio RE Mercado: Segundo ingreso a la carta de rendimiento Último año con método TWR,1942.0
2026-07-06T17:28:14-03:00,Rendimiento,Portfolio RE Mercado: Segundo ingreso a la carta de rendimiento Último mes con método MWR,597.0
2026-07-06T17:28:14-03:00,Rendimiento,Portfolio RE Mercado: Segundo ingreso a la carta de rendimiento Último mes con método TWR,585.0
2026-07-06T17:28:14-03:00,Rendimiento,Portfolio RE Mercado: Segundo ingreso a la carta de rendimiento Últimos 3 meses con método MWR,815.0
2026-07-06T17:28:14-03:00,Rendimiento,Portfolio RE Mercado: Segundo ingreso a la carta de rendimiento Últimos 3 meses con método TWR,907.0
2026-07-06T17:28:14-03:00,Rendimiento,Portfolio RE Valor Tecnico: Primer ingreso a la carta de rendimiento Desde el inicio con método MWR,1558.0
2026-07-06T17:28:14-03:00,Rendimiento,Portfolio RE Valor Tecnico: Primer ingreso a la carta de rendimiento Desde el inicio con método TWR,1695.0
2026-07-06T17:28:14-03:00,Rendimiento,Portfolio RE Valor Tecnico: Primer ingreso a la carta de rendimiento Desde principio de año con método MWR,931.0
2026-07-06T17:28:14-03:00,Rendimiento,Portfolio RE Valor Tecnico: Primer ingreso a la carta de rendimiento Desde principio de año con método TWR,1001.0
2026-07-06T17:28:14-03:00,Rendimiento,Portfolio RE Valor Tecnico: Primer ingreso a la carta de rendimiento Desde principio de mes con método MWR,442.0
2026-07-06T17:28:14-03:00,Rendimiento,Portfolio RE Valor Tecnico: Primer ingreso a la carta de rendimiento Desde principio de mes con método TWR,428.0
2026-07-06T17:28:14-03:00,Rendimiento,Portfolio RE Valor Tecnico: Primer ingreso a la carta de rendimiento Última semana con método MWR,404.0
2026-07-06T17:28:14-03:00,Rendimiento,Portfolio RE Valor Tecnico: Primer ingreso a la carta de rendimiento Última semana con método TWR,457.0
2026-07-06T17:28:14-03:00,Rendimiento,Portfolio RE Valor Tecnico: Primer ingreso a la carta de rendimiento Último año con método MWR,2927.0
2026-07-06T17:28:14-03:00,Rendimiento,Portfolio RE Valor Tecnico: Primer ingreso a la carta de rendimiento Último año con método TWR,1493.0
2026-07-06T17:28:14-03:00,Rendimiento,Portfolio RE Valor Tecnico: Primer ingreso a la carta de rendimiento Último mes con método MWR,469.0
2026-07-06T17:28:14-03:00,Rendimiento,Portfolio RE Valor Tecnico: Primer ingreso a la carta de rendimiento Último mes con método TWR,488.0
2026-07-06T17:28:14-03:00,Rendimiento,Portfolio RE Valor Tecnico: Primer ingreso a la carta de rendimiento Últimos 3 meses con método MWR,579.0
2026-07-06T17:28:14-03:00,Rendimiento,Portfolio RE Valor Tecnico: Primer ingreso a la carta de rendimiento Últimos 3 meses con método TWR,682.0
2026-07-06T17:28:14-03:00,Rendimiento,Portfolio RE Valor Tecnico: Segundo ingreso a la carta de rendimiento Desde el inicio con método MWR,1544.0
2026-07-06T17:28:14-03:00,Rendimiento,Portfolio RE Valor Tecnico: Segundo ingreso a la carta de rendimiento Desde el inicio con método TWR,1472.0
2026-07-06T17:28:14-03:00,Rendimiento,Portfolio RE Valor Tecnico: Segundo ingreso a la carta de rendimiento Desde principio de año con método MWR,1168.0
2026-07-06T17:28:14-03:00,Rendimiento,Portfolio RE Valor Tecnico: Segundo ingreso a la carta de rendimiento Desde principio de año con método TWR,1093.0
2026-07-06T17:28:14-03:00,Rendimiento,Portfolio RE Valor Tecnico: Segundo ingreso a la carta de rendimiento Desde principio de mes con método MWR,494.0
2026-07-06T17:28:14-03:00,Rendimiento,Portfolio RE Valor Tecnico: Segundo ingreso a la carta de rendimiento Desde principio de mes con método TWR,472.0
2026-07-06T17:28:14-03:00,Rendimiento,Portfolio RE Valor Tecnico: Segundo ingreso a la carta de rendimiento Última semana con método MWR,477.0
2026-07-06T17:28:14-03:00,Rendimiento,Portfolio RE Valor Tecnico: Segundo ingreso a la carta de rendimiento Última semana con método TWR,508.0
2026-07-06T17:28:14-03:00,Rendimiento,Portfolio RE Valor Tecnico: Segundo ingreso a la carta de rendimiento Último año con método MWR,1781.0
2026-07-06T17:28:14-03:00,Rendimiento,Portfolio RE Valor Tecnico: Segundo ingreso a la carta de rendimiento Último año con método TWR,1318.0
2026-07-06T17:28:14-03:00,Rendimiento,Portfolio RE Valor Tecnico: Segundo ingreso a la carta de rendimiento Último mes con método MWR,571.0
2026-07-06T17:28:14-03:00,Rendimiento,Portfolio RE Valor Tecnico: Segundo ingreso a la carta de rendimiento Último mes con método TWR,644.0
2026-07-06T17:28:14-03:00,Rendimiento,Portfolio RE Valor Tecnico: Segundo ingreso a la carta de rendimiento Últimos 3 meses con método MWR,772.0
2026-07-06T17:28:14-03:00,Rendimiento,Portfolio RE Valor Tecnico: Segundo ingreso a la carta de rendimiento Últimos 3 meses con método TWR,740.0
2026-07-06T17:28:14-03:00,Rendimiento,Portfolio Total: Primer ingreso a la carta de rendimiento Desde el inicio con método MWR,2761.0
2026-07-06T17:28:14-03:00,Rendimiento,Portfolio Total: Primer ingreso a la carta de rendimiento Desde el inicio con método TWR,3292.0
2026-07-06T17:28:14-03:00,Rendimiento,Portfolio Total: Primer ingreso a la carta de rendimiento Desde principio de año con método MWR,3132.0
2026-07-06T17:28:14-03:00,Rendimiento,Portfolio Total: Primer ingreso a la carta de rendimiento Desde principio de año con método TWR,1500.0
2026-07-06T17:28:14-03:00,Rendimiento,Portfolio Total: Primer ingreso a la carta de rendimiento Desde principio de mes con método MWR,563.0
2026-07-06T17:28:14-03:00,Rendimiento,Portfolio Total: Primer ingreso a la carta de rendimiento Desde principio de mes con método TWR,515.0
2026-07-06T17:28:14-03:00,Rendimiento,Portfolio Total: Primer ingreso a la carta de rendimiento Última semana con método MWR,602.0
2026-07-06T17:28:14-03:00,Rendimiento,Portfolio Total: Primer ingreso a la carta de rendimiento Última semana con método TWR,568.0
2026-07-06T17:28:14-03:00,Rendimiento,Portfolio Total: Primer ingreso a la carta de rendimiento Último año con método MWR,2590.0
2026-07-06T17:28:14-03:00,Rendimiento,Portfolio Total: Primer ingreso a la carta de rendimiento Último año con método TWR,3489.0
2026-07-06T17:28:14-03:00,Rendimiento,Portfolio Total: Primer ingreso a la carta de rendimiento Último mes con método MWR,696.0
2026-07-06T17:28:14-03:00,Rendimiento,Portfolio Total: Primer ingreso a la carta de rendimiento Último mes con método TWR,695.0
2026-07-06T17:28:14-03:00,Rendimiento,Portfolio Total: Primer ingreso a la carta de rendimiento Últimos 3 meses con método MWR,1040.0
2026-07-06T17:28:14-03:00,Rendimiento,Portfolio Total: Primer ingreso a la carta de rendimiento Últimos 3 meses con método TWR,1158.0
2026-07-06T17:28:14-03:00,Rendimiento,Portfolio Total: Segundo ingreso a la carta de rendimiento Desde el inicio con método MWR,3284.0
2026-07-06T17:28:14-03:00,Rendimiento,Portfolio Total: Segundo ingreso a la carta de rendimiento Desde el inicio con método TWR,3001.0
2026-07-06T17:28:14-03:00,Rendimiento,Portfolio Total: Segundo ingreso a la carta de rendimiento Desde principio de año con método MWR,1802.0
2026-07-06T17:28:14-03:00,Rendimiento,Portfolio Total: Segundo ingreso a la carta de rendimiento Desde principio de año con método TWR,1914.0
2026-07-06T17:28:14-03:00,Rendimiento,Portfolio Total: Segundo ingreso a la carta de rendimiento Desde principio de mes con método MWR,624.0
2026-07-06T17:28:14-03:00,Rendimiento,Portfolio Total: Segundo ingreso a la carta de rendimiento Desde principio de mes con método TWR,637.0
2026-07-06T17:28:14-03:00,Rendimiento,Portfolio Total: Segundo ingreso a la carta de rendimiento Última semana con método MWR,958.0
2026-07-06T17:28:14-03:00,Rendimiento,Portfolio Total: Segundo ingreso a la carta de rendimiento Última semana con método TWR,648.0
2026-07-06T17:28:14-03:00,Rendimiento,Portfolio Total: Segundo ingreso a la carta de rendimiento Último año con método MWR,3345.0
2026-07-06T17:28:14-03:00,Rendimiento,Portfolio Total: Segundo ingreso a la carta de rendimiento Último año con método TWR,2718.0
2026-07-06T17:28:14-03:00,Rendimiento,Portfolio Total: Segundo ingreso a la carta de rendimiento Último mes con método MWR,780.0
2026-07-06T17:28:14-03:00,Rendimiento,Portfolio Total: Segundo ingreso a la carta de rendimiento Último mes con método TWR,769.0
2026-07-06T17:28:14-03:00,Rendimiento,Portfolio Total: Segundo ingreso a la carta de rendimiento Últimos 3 meses con método MWR,1154.0
2026-07-06T17:28:14-03:00,Rendimiento,Portfolio Total: Segundo ingreso a la carta de rendimiento Últimos 3 meses con método TWR,1141.0
2026-07-06T17:28:14-03:00,Rendimiento,Primer ingreso al menú Rendimiento,3273.0
2026-07-06T17:28:14-03:00,Rendimiento,Primer ingreso al portfolio LH ART,1598.0
2026-07-06T17:28:14-03:00,Rendimiento,Primer ingreso al portfolio LH Acción RE,1579.0
2026-07-06T17:28:14-03:00,Rendimiento,Primer ingreso al portfolio LH Fronting,1943.0
2026-07-06T17:28:14-03:00,Rendimiento,Primer ingreso al portfolio LH Inversiones,4190.0
2026-07-06T17:28:14-03:00,Rendimiento,Primer ingreso al portfolio LH Liquidez,2510.0
2026-07-06T17:28:14-03:00,Rendimiento,Primer ingreso al portfolio RE Mercado,3848.0
2026-07-06T17:28:14-03:00,Rendimiento,Primer ingreso al portfolio RE Valor Tecnico,1448.0
2026-07-06T17:28:14-03:00,Rendimiento,Primer ingreso al portfolio Total,12206.0
2026-07-06T17:28:14-03:00,Rendimiento,Segundo ingreso al portfolio LH ART,1300.0
2026-07-06T17:28:14-03:00,Rendimiento,Segundo ingreso al portfolio LH Acción RE,1236.0
2026-07-06T17:28:14-03:00,Rendimiento,Segundo ingreso al portfolio LH Fronting,1192.0
2026-07-06T17:28:14-03:00,Rendimiento,Segundo ingreso al portfolio LH Inversiones,1255.0
2026-07-06T17:28:14-03:00,Rendimiento,Segundo ingreso al portfolio LH Liquidez,1237.0
2026-07-06T17:28:14-03:00,Rendimiento,Segundo ingreso al portfolio RE Mercado,1232.0
2026-07-06T17:28:14-03:00,Rendimiento,Segundo ingreso al portfolio RE Valor Tecnico,1295.0
2026-07-06T17:28:14-03:00,Rendimiento,Segundo ingreso al portfolio Total,1487.0
